原料类型,霉变情况,来源情况,预估等级,茶渣_储存时间,果渣_褐变情况,原料是否匹配,等级是否匹配,路线_推荐强度,路线_风险等级,路线_首选目标,路线_适用原料类,路线_适用等级,匹配得分,成本得分,技术得分,碳减排得分,市场得分
茶渣,无,明确可追溯,优,否,,0,1,高,低到中,材料主线,五指毛桃残余/布惊根残余/黄板树根残余/其他根茎木质型中药残余,优/良/差,5.023026350464351,5,5,5,8
果渣（柑橘/葡萄/猕猴桃等）,无,明确可追溯,优,,否,0,1,高,中,材料主线,豆腐渣/客家黄酒酒糟,良/差（优也可）,6.387649089200021,5,5,5,8
中药残余废弃物,严重,来源不明,良,,,0,1,高,中,材料主线,茶渣,优/良,5.945307562886449,5,5,5,8
花生壳/板栗壳,严重,明确可追溯,差,,,0,0,高,中高,食品支线,葡萄籽,优/良,0.1599036585719733,5,5,5,8
中药残余废弃物,严重,明确可追溯,差,,,0,1,高,中,材料主线,豆腐渣/客家黄酒酒糟,良/差（优也可）,5.605486423312693,5,5,5,8
果渣（柑橘/葡萄/猕猴桃等）,轻度,明确可追溯,差,,是,0,1,高,低,材料主线,花生壳/板栗壳,优/良/差,6.9385998745558615,5,5,8,8
中药残余废弃物,严重,明确可追溯,优,,,0,1,高,中,材料主线,豆腐渣/客家黄酒酒糟,良/差（优也可）,6.2946655353170495,5,5,5,8
中药残余废弃物,轻度,明确可追溯,优,,,0,1,高,中高,食品支线,葡萄皮/柑橘皮/脐橙副产物/猕猴桃副产物,优/良,5.084000268193166,5,5,5,8
花生壳/板栗壳,轻度,明确可追溯,优,,,1,1,高,中,材料主线,花生壳/板栗壳,优/良,10.374808934649913,5,5,5,8
茶渣,无,明确可追溯,优,否,,1,1,中,高,食品支线,茶渣,优,6.973605805201602,5,5,2,5
花生壳/板栗壳,轻度,来源不明,优,,,0,1,中高,低,材料主线,柑橘皮/葡萄皮/猕猴桃副产物/脐橙副产物/水晶梨副产物/提取后残渣,优/良/差,6.423966085762614,5,5,8,5
花生壳/板栗壳,轻度,来源不明,优,,,1,1,高,低,材料主线,花生壳/板栗壳,优/良/差,11.302519972863431,5,5,8,8
果渣（柑橘/葡萄/猕猴桃等）,严重,来源不明,差,,否,0,1,中高,低,农用利用/兜底去向,豆腐渣/客家黄酒酒糟,差（优/良也可）,5.809386881802592,8,8,8,5
茶渣,轻度,来源不明,良,否,,0,1,中,低,能源化利用,花生壳/板栗壳,差（优/良也可）,4.520026842902322,8,8,8,5
豆制品/粮食发酵副产物,严重,基本可追溯,差,,,0,0,高,中,材料主线,花生壳/板栗壳,优/良,3.3574311734176003,5,5,5,8
豆制品/粮食发酵副产物,轻度,明确可追溯,优,,,1,1,高,中,材料主线,豆腐渣/客家黄酒酒糟,良/差（优也可）,10.386568308498056,5,5,5,8
果渣（柑橘/葡萄/猕猴桃等）,无,来源不明,优,,否,0,1,中,低,能源化利用,花生壳/板栗壳,差（优/良也可）,4.623080256864055,8,8,8,5
中药残余废弃物,严重,基本可追溯,优,,,0,1,高,低,材料主线,花生壳/板栗壳,优/良/差,7.276747638694866,5,5,8,8
花生壳/板栗壳,无,基本可追溯,差,,,0,1,高,中,材料主线,豆腐渣/客家黄酒酒糟,良/差（优也可）,5.85396071509092,5,5,5,8
中药残余废弃物,轻度,来源不明,良,,,0,1,高,低,材料主线,茶渣,优/良/差,7.0112045546596455,5,5,8,8
茶渣,严重,基本可追溯,优,否,,1,1,高,中,材料主线,茶渣,优/良,10.112169257587729,5,5,5,8
茶渣,轻度,来源不明,差,是,,0,1,中高,低,农用利用/兜底去向,豆腐渣/客家黄酒酒糟,差（优/良也可）,6.237954947030167,8,8,8,5
中药残余废弃物,无,来源不明,差,,,0,1,高,中,材料主线,豆腐渣/客家黄酒酒糟,良/差（优也可）,5.9549460216999925,5,5,5,8
中药残余废弃物,严重,明确可追溯,差,,,1,1,高,低到中,材料主线,五指毛桃残余/布惊根残余/黄板树根残余/其他根茎木质型中药残余,优/良/差,8.687844770934008,5,5,5,8
豆制品/粮食发酵副产物,轻度,明确可追溯,优,,,1,1,中高,中高,食品支线,豆腐渣为主/客家黄酒酒糟为辅,优/良,7.596662388378439,5,5,5,5
果渣（柑橘/葡萄/猕猴桃等）,严重,来源不明,差,,是,0,0,高,中,材料主线,花生壳/板栗壳,优/良,2.5703918715826712,5,5,5,8
中药残余废弃物,严重,明确可追溯,优,,,0,1,高,低,前处理稳定化,豆腐渣/客家黄酒酒糟,优/良/差,7.425356571567105,5,5,8,8
豆制品/粮食发酵副产物,严重,明确可追溯,良,,,0,1,中,中高,农用资源化,五指毛桃残余/布惊根残余/黄板树根残余/其他来源明确且安全性较可控的中药残余,优/良,2.558587092239092,5,5,5,5
花生壳/板栗壳,严重,来源不明,优,,,1,1,高,中,材料主线,花生壳/板栗壳,优/良,10.197444980548784,5,5,5,8
花生壳/板栗壳,严重,明确可追溯,差,,,0,1,中,低,无害化兜底,柑橘皮/葡萄皮/葡萄籽/猕猴桃副产物/脐橙副产物/水晶梨副产物/混合果渣,差,4.628904154925841,8,8,8,5
中药残余废弃物,无,基本可追溯,差,,,0,1,中高,低,材料主线,柑橘皮/葡萄皮/猕猴桃副产物/脐橙副产物/水晶梨副产物/提取后残渣,优/良/差,6.403611697186808,5,5,8,5
中药残余废弃物,无,明确可追溯,良,,,0,1,中高,低,农用材料路线,花生壳/板栗壳,良/差（优也可）,6.113908093965785,5,5,8,5
豆制品/粮食发酵副产物,无,来源不明,差,,,1,1,高,低,前处理稳定化,豆腐渣/客家黄酒酒糟,优/良/差,11.458775890437797,5,5,8,8
花生壳/板栗壳,严重,来源不明,差,,,0,0,中,高,食品支线,茶渣,优,0.14763410073842298,5,5,2,5
中药残余废弃物,轻度,来源不明,良,,,0,1,中高,低,材料主线,柑橘皮/葡萄皮/猕猴桃副产物/脐橙副产物/水晶梨副产物/提取后残渣,优/良/差,5.693677506391911,5,5,8,5
中药残余废弃物,轻度,基本可追溯,优,,,0,1,中,低,能源化利用,花生壳/板栗壳,差（优/良也可）,4.823749159576908,8,8,8,5
茶渣,严重,来源不明,优,否,,1,0,中,低,无害化兜底,茶渣,差,5.872173820505556,8,8,8,5
花生壳/板栗壳,轻度,明确可追溯,差,,,0,0,高,中,材料主线,茶渣,优/良,3.0723244771850604,5,5,5,8
花生壳/板栗壳,无,明确可追溯,差,,,0,1,中,低,无害化兜底,茶渣,差,5.160180247879204,8,8,8,5
豆制品/粮食发酵副产物,无,明确可追溯,优,,,1,1,中高,中高,食品支线,豆腐渣为主/客家黄酒酒糟为辅,优/良,7.954839285173955,5,5,5,5
豆制品/粮食发酵副产物,无,来源不明,优,,,0,0,中,低,无害化兜底,茶渣,差,1.7923448334680918,8,8,8,5
茶渣,轻度,明确可追溯,差,是,,0,0,中高,中高,食品支线,豆腐渣为主/客家黄酒酒糟为辅,优/良,0.9860901705643105,5,5,5,5
豆制品/粮食发酵副产物,无,基本可追溯,差,,,0,0,高,中高,食品支线,葡萄皮/柑橘皮/脐橙副产物/猕猴桃副产物,优/良,1.7346560897918821,5,5,5,8
中药残余废弃物,轻度,明确可追溯,优,,,0,0,中,低,无害化兜底,柑橘皮/葡萄皮/葡萄籽/猕猴桃副产物/脐橙副产物/水晶梨副产物/混合果渣,差,1.5657299984641442,8,8,8,5
豆制品/粮食发酵副产物,轻度,来源不明,良,,,1,1,中高,中高,食品支线,豆腐渣为主/客家黄酒酒糟为辅,优/良,7.553635613577607,5,5,5,5
花生壳/板栗壳,轻度,基本可追溯,良,,,0,1,高,中,材料主线,茶渣,优/良,5.5030260560969015,5,5,5,8
花生壳/板栗壳,严重,来源不明,优,,,1,1,高,中,材料主线,花生壳/板栗壳,优/良,9.750405520847085,5,5,5,8
豆制品/粮食发酵副产物,轻度,来源不明,优,,,0,1,中高,低,农用材料路线,花生壳/板栗壳,良/差（优也可）,5.8161554232338695,5,5,8,5
果渣（柑橘/葡萄/猕猴桃等）,轻度,基本可追溯,良,,是,0,1,高,中高,食品支线,葡萄籽,优/良,4.546054912754884,5,5,5,8
茶渣,无,来源不明,优,是,,0,1,高,中高,食品支线,葡萄皮/柑橘皮/脐橙副产物/猕猴桃副产物,优/良,5.185071235179179,5,5,5,8
果渣（柑橘/葡萄/猕猴桃等）,轻度,基本可追溯,差,,是,0,0,高,中高,食品支线,葡萄籽,优/良,1.8566757501469437,5,5,5,8
豆制品/粮食发酵副产物,严重,来源不明,优,,,1,1,中高,中高,食品支线,豆腐渣为主/客家黄酒酒糟为辅,优/良,0.06942138131047448,5,5,5,5
茶渣,严重,明确可追溯,优,否,,0,1,高,中,材料主线,豆腐渣/客家黄酒酒糟,良/差（优也可）,5.923306736130809,5,5,5,8
花生壳/板栗壳,轻度,来源不明,良,,,0,1,高,中高,食品支线,葡萄皮/柑橘皮/脐橙副产物/猕猴桃副产物,优/良,5.121757340444539,5,5,5,8
茶渣,轻度,明确可追溯,优,否,,0,1,高,中,食品支线,柑橘皮/脐橙副产物/猕猴桃副产物/水晶梨副产物,优/良,6.002291238393687,5,5,5,8
果渣（柑橘/葡萄/猕猴桃等）,无,来源不明,良,,是,1,1,高,中高,食品支线,葡萄皮/柑橘皮/脐橙副产物/猕猴桃副产物,优/良,8.773487273764975,5,5,5,8
茶渣,严重,基本可追溯,优,是,,0,1,高,中高,食品支线,葡萄皮/柑橘皮/脐橙副产物/猕猴桃副产物,优/良,0.0,5,5,5,8
豆制品/粮食发酵副产物,轻度,基本可追溯,良,,,0,1,高,中高,食品支线,葡萄皮/柑橘皮/脐橙副产物/猕猴桃副产物,优/良,4.519588705743983,5,5,5,8
豆制品/粮食发酵副产物,轻度,基本可追溯,差,,,0,1,中,低,无害化兜底,柑橘皮/葡萄皮/葡萄籽/猕猴桃副产物/脐橙副产物/水晶梨副产物/混合果渣,差,5.048623959925468,8,8,8,5
中药残余废弃物,严重,来源不明,良,,,0,1,中高,低,材料主线,柑橘皮/葡萄皮/猕猴桃副产物/脐橙副产物/水晶梨副产物/提取后残渣,优/良/差,6.400192174524231,5,5,8,5
豆制品/粮食发酵副产物,轻度,明确可追溯,良,,,1,1,高,低,前处理稳定化,豆腐渣/客家黄酒酒糟,优/良/差,11.365898907377169,5,5,8,8
豆制品/粮食发酵副产物,严重,基本可追溯,差,,,0,0,高,中,材料主线,茶渣,优/良,3.065530927514509,5,5,5,8
果渣（柑橘/葡萄/猕猴桃等）,轻度,来源不明,差,,是,1,0,高,中,食品支线,柑橘皮/脐橙副产物/猕猴桃副产物/水晶梨副产物,优/良,7.276667025221865,5,5,5,8
中药残余废弃物,轻度,明确可追溯,优,,,0,1,高,低,前处理稳定化,豆腐渣/客家黄酒酒糟,优/良/差,7.3793699953317775,5,5,8,8
中药残余废弃物,严重,来源不明,差,,,0,0,中高,中高,食品支线,豆腐渣为主/客家黄酒酒糟为辅,优/良,0.15884797648759774,5,5,5,5
中药残余废弃物,轻度,来源不明,差,,,0,0,中高,中高,食品支线,豆腐渣为主/客家黄酒酒糟为辅,优/良,1.3664658859361265,5,5,5,5
花生壳/板栗壳,严重,基本可追溯,优,,,0,1,高,低到中,材料主线,五指毛桃残余/布惊根残余/黄板树根残余/其他根茎木质型中药残余,优/良/差,5.28687299394534,5,5,5,8
茶渣,轻度,来源不明,良,否,,1,0,中,低,无害化兜底,茶渣,差,5.53573096069953,8,8,8,5
中药残余废弃物,严重,来源不明,优,,,0,1,高,低,前处理稳定化,豆腐渣/客家黄酒酒糟,优/良/差,7.21798923391996,5,5,8,8
中药残余废弃物,严重,明确可追溯,差,,,0,1,高,中,材料主线,豆腐渣/客家黄酒酒糟,良/差（优也可）,6.206404204964897,5,5,5,8
豆制品/粮食发酵副产物,严重,来源不明,优,,,0,0,中,低,无害化兜底,茶渣,差,2.0765726620290335,8,8,8,5
中药残余废弃物,严重,来源不明,良,,,0,1,高,中高,食品支线,葡萄籽,优/良,0.48996139991703935,5,5,5,8
花生壳/板栗壳,轻度,明确可追溯,差,,,0,0,高,中,材料主线,茶渣,优/良,3.2445255084527926,5,5,5,8
花生壳/板栗壳,轻度,基本可追溯,优,,,0,1,高,中,材料主线,豆腐渣/客家黄酒酒糟,良/差（优也可）,6.021501768724568,5,5,5,8
茶渣,轻度,来源不明,差,否,,1,1,中,低,无害化兜底,茶渣,差,8.928504169877018,8,8,8,5
豆制品/粮食发酵副产物,无,明确可追溯,优,,,0,1,高,低,材料主线,花生壳/板栗壳,优/良/差,6.861160143328767,5,5,8,8
果渣（柑橘/葡萄/猕猴桃等）,轻度,来源不明,良,,是,0,0,中,高,食品支线,茶渣,优,0.0,5,5,2,5
花生壳/板栗壳,轻度,来源不明,优,,,1,1,高,中,材料主线,花生壳/板栗壳,优/良,10.081826675038002,5,5,5,8
中药残余废弃物,轻度,来源不明,优,,,0,1,高,中,材料主线,豆腐渣/客家黄酒酒糟,良/差（优也可）,5.982077573848488,5,5,5,8
花生壳/板栗壳,严重,基本可追溯,良,,,0,1,高,中高,食品支线,葡萄籽,优/良,0.10945526722344856,5,5,5,8
花生壳/板栗壳,严重,明确可追溯,差,,,1,1,高,低,材料主线,花生壳/板栗壳,优/良/差,10.536731879274944,5,5,8,8
茶渣,轻度,来源不明,良,否,,0,0,中,低,无害化兜底,柑橘皮/葡萄皮/葡萄籽/猕猴桃副产物/脐橙副产物/水晶梨副产物/混合果渣,差,2.324199246981549,8,8,8,5
中药残余废弃物,轻度,明确可追溯,良,,,0,1,高,中,材料主线,茶渣,优/良,5.590171454855099,5,5,5,8
花生壳/板栗壳,严重,基本可追溯,差,,,0,0,中,中高,农用资源化,五指毛桃残余/布惊根残余/黄板树根残余/其他来源明确且安全性较可控的中药残余,优/良,0.09977333453891335,5,5,5,5
果渣（柑橘/葡萄/猕猴桃等）,无,来源不明,优,,是,1,0,中,低,无害化兜底,柑橘皮/葡萄皮/葡萄籽/猕猴桃副产物/脐橙副产物/水晶梨副产物/混合果渣,差,5.7796833664200085,8,8,8,5
果渣（柑橘/葡萄/猕猴桃等）,严重,来源不明,良,,是,1,0,中,低,无害化兜底,柑橘皮/葡萄皮/葡萄籽/猕猴桃副产物/脐橙副产物/水晶梨副产物/混合果渣,差,5.542853445388769,8,8,8,5
豆制品/粮食发酵副产物,严重,来源不明,差,,,0,1,中,低,无害化兜底,茶渣,差,4.677031872534436,8,8,8,5
花生壳/板栗壳,严重,来源不明,差,,,0,0,中,高,食品支线,茶渣,优,0.0,5,5,2,5
花生壳/板栗壳,轻度,来源不明,优,,,0,1,高,中高,食品支线,葡萄皮/柑橘皮/脐橙副产物/猕猴桃副产物,优/良,5.080898954474797,5,5,5,8
豆制品/粮食发酵副产物,轻度,明确可追溯,优,,,0,1,高,低到中,材料主线,五指毛桃残余/布惊根残余/黄板树根残余/其他根茎木质型中药残余,优/良/差,5.336922801581771,5,5,5,8
花生壳/板栗壳,轻度,基本可追溯,良,,,0,0,中,低,无害化兜底,柑橘皮/葡萄皮/葡萄籽/猕猴桃副产物/脐橙副产物/水晶梨副产物/混合果渣,差,1.7614497212899052,8,8,8,5
果渣（柑橘/葡萄/猕猴桃等）,严重,基本可追溯,良,,否,0,1,高,中,材料主线,豆腐渣/客家黄酒酒糟,良/差（优也可）,6.423545282544864,5,5,5,8
茶渣,轻度,明确可追溯,良,是,,1,0,中,低,无害化兜底,茶渣,差,5.508659476122546,8,8,8,5
茶渣,轻度,来源不明,差,是,,1,1,中,低,无害化兜底,茶渣,差,8.559791744074268,8,8,8,5
果渣（柑橘/葡萄/猕猴桃等）,严重,基本可追溯,优,,否,0,1,高,中高,食品支线,葡萄籽,优/良,0.2687749646029133,5,5,5,8
茶渣,轻度,基本可追溯,差,是,,1,1,中,低,无害化兜底,茶渣,差,8.515502620482376,8,8,8,5
中药残余废弃物,轻度,基本可追溯,优,,,1,1,高,低到中,材料主线,五指毛桃残余/布惊根残余/黄板树根残余/其他根茎木质型中药残余,优/良/差,9.496764511997272,5,5,5,8
花生壳/板栗壳,轻度,基本可追溯,差,,,0,0,中高,中高,食品支线,豆腐渣为主/客家黄酒酒糟为辅,优/良,0.8471839355320923,5,5,5,5
中药残余废弃物,轻度,来源不明,良,,,0,1,中高,低,农用材料路线,花生壳/板栗壳,良/差（优也可）,5.579317569763841,5,5,8,5
果渣（柑橘/葡萄/猕猴桃等）,轻度,明确可追溯,差,,否,0,0,中,高,食品支线,茶渣,优,0.05153638846387787,5,5,2,5
花生壳/板栗壳,严重,明确可追溯,良,,,0,1,高,低,前处理稳定化,豆腐渣/客家黄酒酒糟,优/良/差,7.484557404944945,5,5,8,8
中药残余废弃物,轻度,来源不明,优,,,0,1,高,中,材料主线,豆腐渣/客家黄酒酒糟,良/差（优也可）,5.518605513330771,5,5,5,8
茶渣,严重,明确可追溯,良,是,,0,0,中,低,无害化兜底,柑橘皮/葡萄皮/葡萄籽/猕猴桃副产物/脐橙副产物/水晶梨副产物/混合果渣,差,2.2745158153093294,8,8,8,5
茶渣,轻度,基本可追溯,良,是,,0,1,高,中,食品支线,柑橘皮/脐橙副产物/猕猴桃副产物/水晶梨副产物,优/良,5.9591363019384,5,5,5,8
花生壳/板栗壳,轻度,来源不明,差,,,0,1,高,中,材料主线,豆腐渣/客家黄酒酒糟,良/差（优也可）,5.525754917932243,5,5,5,8
豆制品/粮食发酵副产物,无,明确可追溯,差,,,0,0,高,中高,食品支线,葡萄籽,优/良,2.1356314926264055,5,5,5,8
中药残余废弃物,无,基本可追溯,差,,,0,1,中,低,无害化兜底,茶渣,差,5.304373711415908,8,8,8,5
花生壳/板栗壳,轻度,基本可追溯,差,,,0,1,中高,低,材料主线,柑橘皮/葡萄皮/猕猴桃副产物/脐橙副产物/水晶梨副产物/提取后残渣,优/良/差,6.112986640810762,5,5,8,5
中药残余废弃物,无,基本可追溯,优,,,1,1,中,中高,农用资源化,五指毛桃残余/布惊根残余/黄板树根残余/其他来源明确且安全性较可控的中药残余,优/良,7.431863714191167,5,5,5,5
果渣（柑橘/葡萄/猕猴桃等）,轻度,来源不明,良,,是,0,1,高,中,材料主线,花生壳/板栗壳,优/良,6.3548048218507125,5,5,5,8
茶渣,轻度,基本可追溯,优,是,,1,0,中,低,无害化兜底,茶渣,差,5.648757001465316,8,8,8,5
豆制品/粮食发酵副产物,严重,明确可追溯,良,,,0,1,中,低,能源化利用,花生壳/板栗壳,差（优/良也可）,4.735678579926577,8,8,8,5
中药残余废弃物,严重,明确可追溯,差,,,0,0,中,高,食品支线,茶渣,优,0.08552907485840011,5,5,2,5
果渣（柑橘/葡萄/猕猴桃等）,无,明确可追溯,差,,是,0,1,高,低,前处理稳定化,豆腐渣/客家黄酒酒糟,优/良/差,6.8576055622879,5,5,8,8
中药残余废弃物,轻度,基本可追溯,差,,,0,1,高,低,材料主线,花生壳/板栗壳,优/良/差,7.253716168014295,5,5,8,8
花生壳/板栗壳,轻度,来源不明,良,,,0,1,高,中,食品支线,柑橘皮/脐橙副产物/猕猴桃副产物/水晶梨副产物,优/良,6.026507822726488,5,5,5,8
花生壳/板栗壳,严重,明确可追溯,良,,,0,0,中,低,无害化兜底,柑橘皮/葡萄皮/葡萄籽/猕猴桃副产物/脐橙副产物/水晶梨副产物/混合果渣,差,2.39001095271748,8,8,8,5
豆制品/粮食发酵副产物,严重,来源不明,差,,,0,1,高,低,材料主线,茶渣,优/良/差,7.423786137552979,5,5,8,8
中药残余废弃物,无,来源不明,良,,,0,1,中高,低,农用材料路线,花生壳/板栗壳,良/差（优也可）,6.072341649077241,5,5,8,5
花生壳/板栗壳,无,明确可追溯,优,,,0,1,中高,中高,食品支线,豆腐渣为主/客家黄酒酒糟为辅,优/良,4.489722274551575,5,5,5,5
茶渣,无,来源不明,优,否,,0,1,中高,低,农用利用/兜底去向,豆腐渣/客家黄酒酒糟,差（优/良也可）,6.374378441641678,8,8,8,5
豆制品/粮食发酵副产物,轻度,基本可追溯,差,,,0,0,高,中高,食品支线,葡萄籽,优/良,1.7033631584860767,5,5,5,8
果渣（柑橘/葡萄/猕猴桃等）,严重,来源不明,优,,是,0,1,中,中高,农用资源化,五指毛桃残余/布惊根残余/黄板树根残余/其他来源明确且安全性较可控的中药残余,优/良,3.1499357816712505,5,5,5,5
茶渣,严重,基本可追溯,良,是,,0,1,高,中,材料主线,豆腐渣/客家黄酒酒糟,良/差（优也可）,5.931807521793467,5,5,5,8
花生壳/板栗壳,无,明确可追溯,良,,,1,1,中高,低,农用材料路线,花生壳/板栗壳,良/差（优也可）,9.753993912400327,5,5,8,5
豆制品/粮食发酵副产物,严重,来源不明,优,,,0,0,中,低,无害化兜底,茶渣,差,2.106894367134968,8,8,8,5
茶渣,严重,明确可追溯,差,否,,0,0,高,中,材料主线,花生壳/板栗壳,优/良,3.4202642560908085,5,5,5,8
中药残余废弃物,无,明确可追溯,良,,,0,1,高,中,食品支线,柑橘皮/脐橙副产物/猕猴桃副产物/水晶梨副产物,优/良,6.078283116338742,5,5,5,8
花生壳/板栗壳,严重,来源不明,差,,,0,1,中,低,无害化兜底,茶渣,差,4.548565451513741,8,8,8,5
果渣（柑橘/葡萄/猕猴桃等）,无,明确可追溯,优,,否,0,1,高,低到中,材料主线,五指毛桃残余/布惊根残余/黄板树根残余/其他根茎木质型中药残余,优/良/差,4.660461967088051,5,5,5,8
茶渣,轻度,基本可追溯,优,否,,0,1,中高,低,农用利用/兜底去向,豆腐渣/客家黄酒酒糟,差（优/良也可）,6.181451872005637,8,8,8,5
花生壳/板栗壳,严重,基本可追溯,优,,,1,1,中高,低,农用材料路线,花生壳/板栗壳,良/差（优也可）,10.469348101783655,5,5,8,5
中药残余废弃物,轻度,来源不明,差,,,0,1,中高,低,材料主线,柑橘皮/葡萄皮/猕猴桃副产物/脐橙副产物/水晶梨副产物/提取后残渣,优/良/差,6.036643811277193,5,5,8,5
茶渣,轻度,明确可追溯,差,否,,0,1,中高,低,农用利用/兜底去向,豆腐渣/客家黄酒酒糟,差（优/良也可）,5.887187642779669,8,8,8,5
中药残余废弃物,严重,基本可追溯,良,,,0,1,高,中,材料主线,豆腐渣/客家黄酒酒糟,良/差（优也可）,6.1850673663655735,5,5,5,8
豆制品/粮食发酵副产物,严重,明确可追溯,优,,,0,1,高,中,食品支线,柑橘皮/脐橙副产物/猕猴桃副产物/水晶梨副产物,优/良,0.2942969662480277,5,5,5,8
茶渣,严重,来源不明,优,是,,0,1,高,低,材料主线,花生壳/板栗壳,优/良/差,7.17840996381501,5,5,8,8
花生壳/板栗壳,无,明确可追溯,优,,,0,0,中,低,无害化兜底,茶渣,差,1.9199537549996533,8,8,8,5
茶渣,无,明确可追溯,优,是,,0,1,高,低到中,材料主线,五指毛桃残余/布惊根残余/黄板树根残余/其他根茎木质型中药残余,优/良/差,5.209101289977556,5,5,5,8
中药残余废弃物,轻度,来源不明,优,,,0,1,高,中,材料主线,花生壳/板栗壳,优/良,5.888707962780492,5,5,5,8
花生壳/板栗壳,无,明确可追溯,优,,,0,1,高,中,食品支线,柑橘皮/脐橙副产物/猕猴桃副产物/水晶梨副产物,优/良,5.665895064322974,5,5,5,8
豆制品/粮食发酵副产物,无,明确可追溯,差,,,0,0,高,中高,食品支线,葡萄皮/柑橘皮/脐橙副产物/猕猴桃副产物,优/良,2.3508881428358954,5,5,5,8
豆制品/粮食发酵副产物,无,来源不明,差,,,0,1,中,低,无害化兜底,柑橘皮/葡萄皮/葡萄籽/猕猴桃副产物/脐橙副产物/水晶梨副产物/混合果渣,差,5.071677837489412,8,8,8,5
中药残余废弃物,无,基本可追溯,良,,,0,1,中高,低,农用材料路线,花生壳/板栗壳,良/差（优也可）,6.212222005429435,5,5,8,5
果渣（柑橘/葡萄/猕猴桃等）,无,来源不明,良,,否,0,1,中高,中高,食品支线,豆腐渣为主/客家黄酒酒糟为辅,优/良,3.8964274146870825,5,5,5,5
花生壳/板栗壳,轻度,来源不明,良,,,0,1,高,低,材料主线,茶渣,优/良/差,7.458511888079685,5,5,8,8
果渣（柑橘/葡萄/猕猴桃等）,严重,明确可追溯,差,,否,0,1,高,低,材料主线,茶渣,优/良/差,6.614998294700813,5,5,8,8
果渣（柑橘/葡萄/猕猴桃等）,轻度,来源不明,差,,否,0,0,中高,中高,食品支线,豆腐渣为主/客家黄酒酒糟为辅,优/良,1.2040715827340474,5,5,5,5
茶渣,严重,来源不明,良,否,,0,1,高,低到中,材料主线,五指毛桃残余/布惊根残余/黄板树根残余/其他根茎木质型中药残余,优/良/差,4.857718841916704,5,5,5,8
茶渣,无,基本可追溯,良,否,,0,1,中高,低,材料主线,柑橘皮/葡萄皮/猕猴桃副产物/脐橙副产物/水晶梨副产物/提取后残渣,优/良/差,5.795198632261428,5,5,8,5
花生壳/板栗壳,无,明确可追溯,差,,,0,0,高,中高,食品支线,葡萄皮/柑橘皮/脐橙副产物/猕猴桃副产物,优/良,2.232803705561092,5,5,5,8
茶渣,严重,基本可追溯,优,是,,0,0,中,低,无害化兜底,柑橘皮/葡萄皮/葡萄籽/猕猴桃副产物/脐橙副产物/水晶梨副产物/混合果渣,差,2.1804969715837985,8,8,8,5
中药残余废弃物,严重,来源不明,良,,,0,1,中高,中高,食品支线,豆腐渣为主/客家黄酒酒糟为辅,优/良,0.43639528005172845,5,5,5,5
中药残余废弃物,无,明确可追溯,优,,,0,1,高,中高,食品支线,葡萄皮/柑橘皮/脐橙副产物/猕猴桃副产物,优/良,5.059288634187256,5,5,5,8
花生壳/板栗壳,无,明确可追溯,优,,,1,1,高,低,材料主线,花生壳/板栗壳,优/良/差,11.214430810122344,5,5,8,8
中药残余废弃物,无,基本可追溯,差,,,0,0,高,中,材料主线,花生壳/板栗壳,优/良,3.388196073748667,5,5,5,8
果渣（柑橘/葡萄/猕猴桃等）,无,明确可追溯,优,,否,0,1,高,低,前处理稳定化,豆腐渣/客家黄酒酒糟,优/良/差,6.951759156529014,5,5,8,8
茶渣,轻度,来源不明,差,是,,1,1,高,低,材料主线,茶渣,优/良/差,10.72941532450599,5,5,8,8
中药残余废弃物,严重,来源不明,差,,,0,0,中高,中高,食品支线,豆腐渣为主/客家黄酒酒糟为辅,优/良,0.0,5,5,5,5
豆制品/粮食发酵副产物,轻度,基本可追溯,良,,,1,1,高,低,前处理稳定化,豆腐渣/客家黄酒酒糟,优/良/差,10.802208401382705,5,5,8,8
茶渣,严重,基本可追溯,差,是,,0,1,中高,低,农用利用/兜底去向,豆腐渣/客家黄酒酒糟,差（优/良也可）,5.773163365427583,8,8,8,5
茶渣,严重,来源不明,优,是,,0,1,中,低,能源化利用,花生壳/板栗壳,差（优/良也可）,4.915311161339377,8,8,8,5
果渣（柑橘/葡萄/猕猴桃等）,严重,来源不明,良,,否,0,0,中,高,食品支线,茶渣,优,0.18188383434445365,5,5,2,5
果渣（柑橘/葡萄/猕猴桃等）,轻度,基本可追溯,良,,否,0,1,中高,低,农用利用/兜底去向,豆腐渣/客家黄酒酒糟,差（优/良也可）,6.450683626217192,8,8,8,5
中药残余废弃物,轻度,明确可追溯,优,,,0,1,高,中,材料主线,花生壳/板栗壳,优/良,5.8064796689454905,5,5,5,8
豆制品/粮食发酵副产物,严重,基本可追溯,良,,,0,1,高,低,材料主线,茶渣,优/良/差,7.215668307184074,5,5,8,8
花生壳/板栗壳,严重,明确可追溯,优,,,0,1,高,中,材料主线,茶渣,优/良,6.224930646605867,5,5,5,8
果渣（柑橘/葡萄/猕猴桃等）,无,来源不明,优,,否,0,1,高,中,材料主线,豆腐渣/客家黄酒酒糟,良/差（优也可）,6.443318871678845,5,5,5,8
茶渣,轻度,基本可追溯,差,否,,0,1,高,低到中,材料主线,五指毛桃残余/布惊根残余/黄板树根残余/其他根茎木质型中药残余,优/良/差,5.199847163902715,5,5,5,8
果渣（柑橘/葡萄/猕猴桃等）,严重,基本可追溯,良,,否,0,1,高,中,材料主线,豆腐渣/客家黄酒酒糟,良/差（优也可）,6.3422306717993955,5,5,5,8
豆制品/粮食发酵副产物,无,明确可追溯,差,,,0,1,中,低,能源化利用,花生壳/板栗壳,差（优/良也可）,4.920668854086216,8,8,8,5
中药残余废弃物,严重,基本可追溯,优,,,0,1,高,中,食品支线,柑橘皮/脐橙副产物/猕猴桃副产物/水晶梨副产物,优/良,0.0,5,5,5,8
茶渣,轻度,明确可追溯,差,是,,0,0,高,中高,食品支线,葡萄皮/柑橘皮/脐橙副产物/猕猴桃副产物,优/良,2.4202748103231855,5,5,5,8
果渣（柑橘/葡萄/猕猴桃等）,无,来源不明,良,,否,1,1,高,中,食品支线,柑橘皮/脐橙副产物/猕猴桃副产物/水晶梨副产物,优/良,9.590839361932701,5,5,5,8
果渣（柑橘/葡萄/猕猴桃等）,无,明确可追溯,优,,否,0,1,高,中高,食品支线,葡萄籽,优/良,4.542839093173699,5,5,5,8
果渣（柑橘/葡萄/猕猴桃等）,无,明确可追溯,优,,否,0,1,高,中,材料主线,茶渣,优/良,5.685552674013163,5,5,5,8
茶渣,无,明确可追溯,差,是,,0,1,高,低,材料主线,花生壳/板栗壳,优/良/差,6.605536085026207,5,5,8,8
豆制品/粮食发酵副产物,无,来源不明,差,,,1,1,中高,低,农用利用/兜底去向,豆腐渣/客家黄酒酒糟,差（优/良也可）,9.866679174760327,8,8,8,5
中药残余废弃物,严重,来源不明,优,,,0,1,中,高,食品支线,茶渣,优,0.11272739706873647,5,5,2,5
花生壳/板栗壳,无,来源不明,优,,,0,1,中高,低,材料主线,柑橘皮/葡萄皮/猕猴桃副产物/脐橙副产物/水晶梨副产物/提取后残渣,优/良/差,5.858029515208366,5,5,8,5
花生壳/板栗壳,无,明确可追溯,优,,,0,1,高,低,材料主线,茶渣,优/良/差,6.722808350450258,5,5,8,8
茶渣,无,基本可追溯,良,否,,0,1,中高,低,农用利用/兜底去向,豆腐渣/客家黄酒酒糟,差（优/良也可）,6.332989132967583,8,8,8,5
豆制品/粮食发酵副产物,严重,明确可追溯,差,,,0,0,高,中高,食品支线,葡萄皮/柑橘皮/脐橙副产物/猕猴桃副产物,优/良,0.18143967660268057,5,5,5,8
花生壳/板栗壳,轻度,基本可追溯,差,,,1,1,高,低,材料主线,花生壳/板栗壳,优/良/差,10.910298011176073,5,5,8,8
茶渣,无,基本可追溯,差,是,,0,1,中,低,能源化利用,花生壳/板栗壳,差（优/良也可）,5.260975739538903,8,8,8,5
果渣（柑橘/葡萄/猕猴桃等）,严重,明确可追溯,良,,是,0,1,高,低到中,材料主线,五指毛桃残余/布惊根残余/黄板树根残余/其他根茎木质型中药残余,优/良/差,4.8704489580652695,5,5,5,8
豆制品/粮食发酵副产物,无,明确可追溯,优,,,1,1,中高,中高,食品支线,豆腐渣为主/客家黄酒酒糟为辅,优/良,7.665210870227416,5,5,5,5
果渣（柑橘/葡萄/猕猴桃等）,轻度,明确可追溯,良,,否,0,1,高,中,材料主线,茶渣,优/良,5.730430811762601,5,5,5,8
果渣（柑橘/葡萄/猕猴桃等）,轻度,明确可追溯,优,,否,0,1,中,中高,农用资源化,五指毛桃残余/布惊根残余/黄板树根残余/其他来源明确且安全性较可控的中药残余,优/良,3.22757562370044,5,5,5,5
豆制品/粮食发酵副产物,轻度,明确可追溯,良,,,1,1,中高,中高,食品支线,豆腐渣为主/客家黄酒酒糟为辅,优/良,8.000376691810992,5,5,5,5
中药残余废弃物,无,来源不明,良,,,0,1,中高,低,农用材料路线,花生壳/板栗壳,良/差（优也可）,6.44521597582046,5,5,8,5
花生壳/板栗壳,无,明确可追溯,差,,,0,1,中,低,无害化兜底,茶渣,差,5.082030279990372,8,8,8,5
茶渣,严重,基本可追溯,差,是,,0,1,中,低,能源化利用,花生壳/板栗壳,差（优/良也可）,5.07520278681205,8,8,8,5
果渣（柑橘/葡萄/猕猴桃等）,无,明确可追溯,差,,是,0,1,高,低,材料主线,花生壳/板栗壳,优/良/差,6.919208991496924,5,5,8,8
茶渣,严重,基本可追溯,优,否,,0,1,中高,低,农用材料路线,花生壳/板栗壳,良/差（优也可）,5.888681913733744,5,5,8,5
中药残余废弃物,轻度,基本可追溯,差,,,0,1,中,低,能源化利用,花生壳/板栗壳,差（优/良也可）,5.148094129709551,8,8,8,5
中药残余废弃物,严重,基本可追溯,优,,,0,0,中,低,无害化兜底,柑橘皮/葡萄皮/葡萄籽/猕猴桃副产物/脐橙副产物/水晶梨副产物/混合果渣,差,2.0065128400895262,8,8,8,5
豆制品/粮食发酵副产物,轻度,来源不明,差,,,1,1,高,中,材料主线,豆腐渣/客家黄酒酒糟,良/差（优也可）,9.856109742482001,5,5,5,8
花生壳/板栗壳,无,明确可追溯,差,,,0,0,高,中高,食品支线,葡萄皮/柑橘皮/脐橙副产物/猕猴桃副产物,优/良,2.0789555707832617,5,5,5,8
茶渣,无,明确可追溯,差,是,,0,0,中,中高,农用资源化,五指毛桃残余/布惊根残余/黄板树根残余/其他来源明确且安全性较可控的中药残余,优/良,0.2651982537707438,5,5,5,5
豆制品/粮食发酵副产物,轻度,基本可追溯,优,,,1,1,中高,中高,食品支线,豆腐渣为主/客家黄酒酒糟为辅,优/良,8.395730601405043,5,5,5,5
果渣（柑橘/葡萄/猕猴桃等）,严重,明确可追溯,良,,是,0,1,高,中,材料主线,豆腐渣/客家黄酒酒糟,良/差（优也可）,6.138428535720935,5,5,5,8
中药残余废弃物,轻度,来源不明,差,,,0,1,中,低,能源化利用,花生壳/板栗壳,差（优/良也可）,4.990624323784305,8,8,8,5
果渣（柑橘/葡萄/猕猴桃等）,严重,来源不明,良,,是,0,1,中,低,能源化利用,花生壳/板栗壳,差（优/良也可）,4.906093257588968,8,8,8,5
中药残余废弃物,无,基本可追溯,良,,,0,1,中高,低,材料主线,柑橘皮/葡萄皮/猕猴桃副产物/脐橙副产物/水晶梨副产物/提取后残渣,优/良/差,5.578372609906766,5,5,8,5
中药残余废弃物,无,来源不明,差,,,0,0,高,中高,食品支线,葡萄皮/柑橘皮/脐橙副产物/猕猴桃副产物,优/良,1.966211448244039,5,5,5,8
茶渣,轻度,来源不明,良,是,,0,1,高,中,食品支线,柑橘皮/脐橙副产物/猕猴桃副产物/水晶梨副产物,优/良,5.760462533768883,5,5,5,8
茶渣,轻度,来源不明,差,是,,0,0,高,中,材料主线,花生壳/板栗壳,优/良,2.6193121033753606,5,5,5,8
茶渣,轻度,来源不明,优,否,,0,1,高,中,材料主线,花生壳/板栗壳,优/良,6.450468425364217,5,5,5,8
花生壳/板栗壳,无,来源不明,差,,,0,0,中,中高,农用资源化,五指毛桃残余/布惊根残余/黄板树根残余/其他来源明确且安全性较可控的中药残余,优/良,0.4445302894795179,5,5,5,5
果渣（柑橘/葡萄/猕猴桃等）,轻度,基本可追溯,差,,否,1,0,高,中高,食品支线,葡萄皮/柑橘皮/脐橙副产物/猕猴桃副产物,优/良,5.895024948653674,5,5,5,8
茶渣,轻度,基本可追溯,差,否,,0,1,高,低,材料主线,花生壳/板栗壳,优/良/差,7.3885350389854985,5,5,8,8
中药残余废弃物,严重,来源不明,良,,,0,1,中高,低,农用材料路线,花生壳/板栗壳,良/差（优也可）,6.471435869502747,5,5,8,5
中药残余废弃物,无,基本可追溯,差,,,0,1,高,中,材料主线,豆腐渣/客家黄酒酒糟,良/差（优也可）,5.950876912147868,5,5,5,8
中药残余废弃物,严重,基本可追溯,差,,,0,1,中,低,无害化兜底,柑橘皮/葡萄皮/葡萄籽/猕猴桃副产物/脐橙副产物/水晶梨副产物/混合果渣,差,5.111972713392404,8,8,8,5
果渣（柑橘/葡萄/猕猴桃等）,严重,来源不明,良,,否,0,0,中,高,食品支线,茶渣,优,0.05554884134445692,5,5,2,5
中药残余废弃物,轻度,来源不明,良,,,0,1,高,中高,食品支线,葡萄皮/柑橘皮/脐橙副产物/猕猴桃副产物,优/良,5.138433464651216,5,5,5,8
豆制品/粮食发酵副产物,无,基本可追溯,良,,,0,1,高,中高,食品支线,葡萄籽,优/良,5.260530708006968,5,5,5,8
茶渣,严重,明确可追溯,差,是,,0,1,中,低,能源化利用,花生壳/板栗壳,差（优/良也可）,5.069379629121299,8,8,8,5
豆制品/粮食发酵副产物,严重,基本可追溯,良,,,0,1,中高,低,农用材料路线,花生壳/板栗壳,良/差（优也可）,5.657781055648455,5,5,8,5
花生壳/板栗壳,无,明确可追溯,差,,,1,0,高,中,材料主线,花生壳/板栗壳,优/良,6.9673495223661766,5,5,5,8
果渣（柑橘/葡萄/猕猴桃等）,轻度,基本可追溯,优,,是,0,1,中,中高,农用资源化,五指毛桃残余/布惊根残余/黄板树根残余/其他来源明确且安全性较可控的中药残余,优/良,3.230941673636969,5,5,5,5
果渣（柑橘/葡萄/猕猴桃等）,无,来源不明,差,,否,0,0,高,中,材料主线,花生壳/板栗壳,优/良,2.9277346164910885,5,5,5,8
茶渣,严重,明确可追溯,优,否,,0,1,高,中,食品支线,柑橘皮/脐橙副产物/猕猴桃副产物/水晶梨副产物,优/良,0.0,5,5,5,8
中药残余废弃物,严重,基本可追溯,良,,,0,1,高,低,材料主线,花生壳/板栗壳,优/良/差,7.111661882453368,5,5,8,8
花生壳/板栗壳,严重,基本可追溯,良,,,0,1,高,中,材料主线,茶渣,优/良,5.846069480618945,5,5,5,8
茶渣,轻度,明确可追溯,差,否,,0,1,高,中,材料主线,豆腐渣/客家黄酒酒糟,良/差（优也可）,6.324027743778679,5,5,5,8
花生壳/板栗壳,严重,来源不明,优,,,0,1,中,高,食品支线,茶渣,优,0.02324911535814156,5,5,2,5
豆制品/粮食发酵副产物,轻度,基本可追溯,差,,,1,1,中高,低,农用利用/兜底去向,豆腐渣/客家黄酒酒糟,差（优/良也可）,10.162548289819934,8,8,8,5
花生壳/板栗壳,严重,来源不明,良,,,0,1,高,中高,食品支线,葡萄籽,优/良,0.02237596145552223,5,5,5,8
花生壳/板栗壳,轻度,来源不明,优,,,1,1,高,中,材料主线,花生壳/板栗壳,优/良,10.011499864086028,5,5,5,8
茶渣,轻度,明确可追溯,差,否,,1,0,中,高,食品支线,茶渣,优,4.459239819971665,5,5,2,5
茶渣,无,明确可追溯,差,是,,1,0,中,高,食品支线,茶渣,优,3.5563180747729626,5,5,2,5
中药残余废弃物,严重,来源不明,差,,,1,1,高,低到中,材料主线,五指毛桃残余/布惊根残余/黄板树根残余/其他根茎木质型中药残余,优/良/差,8.988836146906575,5,5,5,8
茶渣,轻度,明确可追溯,优,否,,1,1,高,中,材料主线,茶渣,优/良,9.75394486351682,5,5,5,8
茶渣,轻度,来源不明,优,否,,0,1,中高,低,农用材料路线,花生壳/板栗壳,良/差（优也可）,5.972097264068034,5,5,8,5
中药残余废弃物,无,明确可追溯,良,,,0,1,中高,低,农用利用/兜底去向,豆腐渣/客家黄酒酒糟,差（优/良也可）,6.493377350258097,8,8,8,5
豆制品/粮食发酵副产物,严重,明确可追溯,优,,,0,1,中高,低,材料主线,柑橘皮/葡萄皮/猕猴桃副产物/脐橙副产物/水晶梨副产物/提取后残渣,优/良/差,5.579937520071088,5,5,8,5
果渣（柑橘/葡萄/猕猴桃等）,无,基本可追溯,差,,否,0,0,高,中,材料主线,茶渣,优/良,2.8824379701937892,5,5,5,8
茶渣,严重,来源不明,良,否,,0,1,高,中高,食品支线,葡萄皮/柑橘皮/脐橙副产物/猕猴桃副产物,优/良,0.0,5,5,5,8
豆制品/粮食发酵副产物,无,基本可追溯,优,,,1,1,中高,中高,食品支线,豆腐渣为主/客家黄酒酒糟为辅,优/良,7.941890930894879,5,5,5,5
果渣（柑橘/葡萄/猕猴桃等）,严重,基本可追溯,良,,是,1,0,中,低,无害化兜底,柑橘皮/葡萄皮/葡萄籽/猕猴桃副产物/脐橙副产物/水晶梨副产物/混合果渣,差,6.359307037130867,8,8,8,5
中药残余废弃物,轻度,基本可追溯,良,,,0,1,中高,低,材料主线,柑橘皮/葡萄皮/猕猴桃副产物/脐橙副产物/水晶梨副产物/提取后残渣,优/良/差,5.508164471995512,5,5,8,5
果渣（柑橘/葡萄/猕猴桃等）,轻度,来源不明,差,,是,0,1,高,低,材料主线,茶渣,优/良/差,6.942078255569417,5,5,8,8
茶渣,轻度,明确可追溯,良,否,,0,1,中高,中高,食品支线,豆腐渣为主/客家黄酒酒糟为辅,优/良,3.726608211981213,5,5,5,5
茶渣,轻度,基本可追溯,优,否,,0,1,高,中,食品支线,柑橘皮/脐橙副产物/猕猴桃副产物/水晶梨副产物,优/良,5.911022939038719,5,5,5,8
茶渣,严重,来源不明,差,否,,0,1,高,低,前处理稳定化,豆腐渣/客家黄酒酒糟,优/良/差,6.964425748164622,5,5,8,8
中药残余废弃物,严重,基本可追溯,差,,,0,1,中,低,能源化利用,花生壳/板栗壳,差（优/良也可）,5.014312465457881,8,8,8,5
花生壳/板栗壳,严重,明确可追溯,优,,,0,1,中高,中高,食品支线,豆腐渣为主/客家黄酒酒糟为辅,优/良,0.1022530515067861,5,5,5,5
茶渣,严重,基本可追溯,优,否,,0,1,高,中高,食品支线,葡萄皮/柑橘皮/脐橙副产物/猕猴桃副产物,优/良,0.1400959699249238,5,5,5,8
中药残余废弃物,轻度,明确可追溯,差,,,0,1,中高,低,农用利用/兜底去向,豆腐渣/客家黄酒酒糟,差（优/良也可）,5.753380483671215,8,8,8,5
花生壳/板栗壳,严重,基本可追溯,良,,,0,1,高,低到中,材料主线,五指毛桃残余/布惊根残余/黄板树根残余/其他根茎木质型中药残余,优/良/差,4.6492100467411435,5,5,5,8
花生壳/板栗壳,无,明确可追溯,优,,,0,1,高,中,材料主线,豆腐渣/客家黄酒酒糟,良/差（优也可）,5.845193985319625,5,5,5,8
果渣（柑橘/葡萄/猕猴桃等）,严重,来源不明,优,,是,0,1,高,中,材料主线,花生壳/板栗壳,优/良,5.926766623313229,5,5,5,8
豆制品/粮食发酵副产物,严重,基本可追溯,良,,,0,1,中,低,能源化利用,花生壳/板栗壳,差（优/良也可）,5.483750730541328,8,8,8,5
花生壳/板栗壳,无,来源不明,差,,,1,1,中,低,能源化利用,花生壳/板栗壳,差（优/良也可）,8.960131871588892,8,8,8,5
豆制品/粮食发酵副产物,无,基本可追溯,优,,,1,1,中高,中高,食品支线,豆腐渣为主/客家黄酒酒糟为辅,优/良,8.239054985035144,5,5,5,5
茶渣,无,明确可追溯,差,否,,0,1,中,低,能源化利用,花生壳/板栗壳,差（优/良也可）,4.809027189849812,8,8,8,5
果渣（柑橘/葡萄/猕猴桃等）,轻度,基本可追溯,优,,是,0,1,高,中,材料主线,豆腐渣/客家黄酒酒糟,良/差（优也可）,5.593917079176182,5,5,5,8
花生壳/板栗壳,轻度,来源不明,优,,,0,1,高,中,食品支线,柑橘皮/脐橙副产物/猕猴桃副产物/水晶梨副产物,优/良,5.856080222560447,5,5,5,8
果渣（柑橘/葡萄/猕猴桃等）,无,基本可追溯,良,,是,1,1,高,中,食品支线,柑橘皮/脐橙副产物/猕猴桃副产物/水晶梨副产物,优/良,9.61508081997984,5,5,5,8
花生壳/板栗壳,无,基本可追溯,良,,,1,1,高,中,材料主线,花生壳/板栗壳,优/良,9.909888162310898,5,5,5,8
果渣（柑橘/葡萄/猕猴桃等）,轻度,基本可追溯,优,,是,0,1,高,中,材料主线,花生壳/板栗壳,优/良,5.636519736509701,5,5,5,8
豆制品/粮食发酵副产物,无,来源不明,差,,,0,1,中高,低,农用材料路线,花生壳/板栗壳,良/差（优也可）,5.6917501124837155,5,5,8,5
中药残余废弃物,严重,明确可追溯,良,,,0,1,高,中,食品支线,柑橘皮/脐橙副产物/猕猴桃副产物/水晶梨副产物,优/良,0.22014381699645058,5,5,5,8
豆制品/粮食发酵副产物,严重,基本可追溯,差,,,1,0,中高,中高,食品支线,豆腐渣为主/客家黄酒酒糟为辅,优/良,0.47326431320676465,5,5,5,5
花生壳/板栗壳,轻度,明确可追溯,优,,,0,1,中高,低,材料主线,柑橘皮/葡萄皮/猕猴桃副产物/脐橙副产物/水晶梨副产物/提取后残渣,优/良/差,6.4068844322839045,5,5,8,5
中药残余废弃物,轻度,来源不明,良,,,0,0,中,低,无害化兜底,茶渣,差,1.8990301731780597,8,8,8,5
果渣（柑橘/葡萄/猕猴桃等）,严重,基本可追溯,优,,否,0,1,高,中,材料主线,花生壳/板栗壳,优/良,5.548051164298474,5,5,5,8
中药残余废弃物,严重,来源不明,差,,,0,1,中,低,无害化兜底,茶渣,差,4.623542862436589,8,8,8,5
茶渣,轻度,明确可追溯,良,否,,0,1,高,低,前处理稳定化,豆腐渣/客家黄酒酒糟,优/良/差,6.792496056048603,5,5,8,8
果渣（柑橘/葡萄/猕猴桃等）,轻度,来源不明,差,,否,0,0,高,中高,食品支线,葡萄籽,优/良,2.28412010118233,5,5,5,8
中药残余废弃物,严重,基本可追溯,优,,,0,1,中高,低,农用材料路线,花生壳/板栗壳,良/差（优也可）,5.804852525902579,5,5,8,5
茶渣,无,基本可追溯,优,是,,0,1,高,中,材料主线,豆腐渣/客家黄酒酒糟,良/差（优也可）,5.753408932218615,5,5,5,8
中药残余废弃物,严重,基本可追溯,良,,,1,1,中,中高,农用资源化,五指毛桃残余/布惊根残余/黄板树根残余/其他来源明确且安全性较可控的中药残余,优/良,6.9995124181526,5,5,5,5
中药残余废弃物,轻度,来源不明,差,,,0,0,高,中,材料主线,茶渣,优/良,3.1094896208048084,5,5,5,8
豆制品/粮食发酵副产物,轻度,来源不明,良,,,0,1,高,中,材料主线,茶渣,优/良,6.274377757177956,5,5,5,8
茶渣,轻度,明确可追溯,优,否,,0,1,高,中,食品支线,柑橘皮/脐橙副产物/猕猴桃副产物/水晶梨副产物,优/良,5.608001761327643,5,5,5,8
茶渣,严重,基本可追溯,优,是,,0,1,高,低到中,材料主线,五指毛桃残余/布惊根残余/黄板树根残余/其他根茎木质型中药残余,优/良/差,5.410147554282166,5,5,5,8
花生壳/板栗壳,轻度,明确可追溯,优,,,0,1,高,中,材料主线,豆腐渣/客家黄酒酒糟,良/差（优也可）,6.00812962215351,5,5,5,8
茶渣,轻度,来源不明,良,否,,0,1,中,中高,农用资源化,五指毛桃残余/布惊根残余/黄板树根残余/其他来源明确且安全性较可控的中药残余,优/良,2.6245235963747118,5,5,5,5
茶渣,轻度,来源不明,优,是,,0,1,中高,低,材料主线,柑橘皮/葡萄皮/猕猴桃副产物/脐橙副产物/水晶梨副产物/提取后残渣,优/良/差,6.075546739538675,5,5,8,5
花生壳/板栗壳,无,基本可追溯,优,,,0,1,高,中高,食品支线,葡萄皮/柑橘皮/脐橙副产物/猕猴桃副产物,优/良,4.5808614446411395,5,5,5,8
茶渣,轻度,基本可追溯,优,否,,1,1,高,低,材料主线,茶渣,优/良/差,10.911273168679742,5,5,8,8
花生壳/板栗壳,无,来源不明,优,,,1,1,中高,低,农用材料路线,花生壳/板栗壳,良/差（优也可）,10.107875823590764,5,5,8,5
中药残余废弃物,轻度,基本可追溯,优,,,0,1,高,低,材料主线,花生壳/板栗壳,优/良/差,6.705154145566326,5,5,8,8
茶渣,轻度,来源不明,差,否,,0,0,高,中高,食品支线,葡萄籽,优/良,1.7823827487339967,5,5,5,8
中药残余废弃物,严重,来源不明,差,,,0,1,中高,低,农用材料路线,花生壳/板栗壳,良/差（优也可）,6.312166508489426,5,5,8,5
花生壳/板栗壳,轻度,来源不明,差,,,0,1,中,低,无害化兜底,茶渣,差,5.329879315026808,8,8,8,5
茶渣,严重,基本可追溯,良,是,,0,0,中,低,无害化兜底,柑橘皮/葡萄皮/葡萄籽/猕猴桃副产物/脐橙副产物/水晶梨副产物/混合果渣,差,1.606772412761417,8,8,8,5
果渣（柑橘/葡萄/猕猴桃等）,轻度,基本可追溯,优,,是,0,1,中高,低,农用利用/兜底去向,豆腐渣/客家黄酒酒糟,差（优/良也可）,6.055502242867892,8,8,8,5
茶渣,严重,基本可追溯,良,是,,0,1,中高,低,农用材料路线,花生壳/板栗壳,良/差（优也可）,6.406987916909833,5,5,8,5
茶渣,严重,基本可追溯,差,是,,1,1,高,低,材料主线,茶渣,优/良/差,10.956526817036407,5,5,8,8
豆制品/粮食发酵副产物,严重,来源不明,差,,,1,0,中高,中高,食品支线,豆腐渣为主/客家黄酒酒糟为辅,优/良,0.0,5,5,5,5
果渣（柑橘/葡萄/猕猴桃等）,轻度,基本可追溯,差,,是,0,1,中,低,无害化兜底,茶渣,差,5.2843842372559,8,8,8,5
中药残余废弃物,轻度,明确可追溯,差,,,0,1,中,低,无害化兜底,柑橘皮/葡萄皮/葡萄籽/猕猴桃副产物/脐橙副产物/水晶梨副产物/混合果渣,差,5.398414929198677,8,8,8,5
花生壳/板栗壳,无,明确可追溯,优,,,0,1,中,高,食品支线,茶渣,优,3.223318199359199,5,5,2,5
豆制品/粮食发酵副产物,无,基本可追溯,优,,,1,1,中高,中高,食品支线,豆腐渣为主/客家黄酒酒糟为辅,优/良,8.355971673438074,5,5,5,5
果渣（柑橘/葡萄/猕猴桃等）,轻度,基本可追溯,差,,否,0,0,高,中高,食品支线,葡萄籽,优/良,1.9436559370822128,5,5,5,8
中药残余废弃物,轻度,明确可追溯,优,,,0,1,中高,低,材料主线,柑橘皮/葡萄皮/猕猴桃副产物/脐橙副产物/水晶梨副产物/提取后残渣,优/良/差,6.082447752917507,5,5,8,5
豆制品/粮食发酵副产物,轻度,来源不明,优,,,0,1,高,中高,食品支线,葡萄籽,优/良,4.836600752712859,5,5,5,8
花生壳/板栗壳,轻度,明确可追溯,优,,,1,1,高,低,材料主线,花生壳/板栗壳,优/良/差,10.899619093139483,5,5,8,8
豆制品/粮食发酵副产物,无,来源不明,差,,,0,1,中高,低,材料主线,柑橘皮/葡萄皮/猕猴桃副产物/脐橙副产物/水晶梨副产物/提取后残渣,优/良/差,6.2440599116166915,5,5,8,5
茶渣,轻度,明确可追溯,良,否,,0,1,高,中,材料主线,花生壳/板栗壳,优/良,5.690135961337959,5,5,5,8
茶渣,无,来源不明,良,是,,0,1,中,低,能源化利用,花生壳/板栗壳,差（优/良也可）,5.315322083630342,8,8,8,5
豆制品/粮食发酵副产物,轻度,来源不明,良,,,1,1,高,低,前处理稳定化,豆腐渣/客家黄酒酒糟,优/良/差,11.391142965499938,5,5,8,8
茶渣,严重,基本可追溯,优,否,,1,1,高,中,材料主线,茶渣,优/良,9.876003055924041,5,5,5,8
中药残余废弃物,严重,明确可追溯,优,,,0,1,高,低,材料主线,花生壳/板栗壳,优/良/差,7.297222548625154,5,5,8,8
果渣（柑橘/葡萄/猕猴桃等）,无,基本可追溯,良,,是,1,0,中,低,无害化兜底,柑橘皮/葡萄皮/葡萄籽/猕猴桃副产物/脐橙副产物/水晶梨副产物/混合果渣,差,6.160683415253083,8,8,8,5
茶渣,轻度,明确可追溯,差,否,,0,0,中高,中高,食品支线,豆腐渣为主/客家黄酒酒糟为辅,优/良,0.5148414858899674,5,5,5,5
果渣（柑橘/葡萄/猕猴桃等）,无,明确可追溯,优,,是,0,1,高,低,材料主线,茶渣,优/良/差,6.737982225681752,5,5,8,8
茶渣,无,来源不明,差,否,,0,1,高,中,材料主线,豆腐渣/客家黄酒酒糟,良/差（优也可）,6.31762807744349,5,5,5,8
中药残余废弃物,严重,来源不明,差,,,0,0,高,中,材料主线,茶渣,优/良,2.906104523974045,5,5,5,8
花生壳/板栗壳,严重,基本可追溯,良,,,0,1,高,低,前处理稳定化,豆腐渣/客家黄酒酒糟,优/良/差,6.944373890261121,5,5,8,8
豆制品/粮食发酵副产物,无,来源不明,优,,,0,1,中,低,能源化利用,花生壳/板栗壳,差（优/良也可）,5.106499007534351,8,8,8,5
果渣（柑橘/葡萄/猕猴桃等）,无,基本可追溯,差,,是,1,1,中高,低,材料主线,柑橘皮/葡萄皮/猕猴桃副产物/脐橙副产物/水晶梨副产物/提取后残渣,优/良/差,9.572484276522728,5,5,8,5
中药残余废弃物,轻度,基本可追溯,优,,,0,1,高,低,材料主线,茶渣,优/良/差,7.180883952855786,5,5,8,8
果渣（柑橘/葡萄/猕猴桃等）,轻度,基本可追溯,优,,否,0,1,高,低,材料主线,花生壳/板栗壳,优/良/差,7.311652917172905,5,5,8,8
果渣（柑橘/葡萄/猕猴桃等）,严重,明确可追溯,优,,否,1,1,高,中高,食品支线,葡萄皮/柑橘皮/脐橙副产物/猕猴桃副产物,优/良,0.0,5,5,5,8
花生壳/板栗壳,严重,来源不明,良,,,1,1,高,低,材料主线,花生壳/板栗壳,优/良/差,11.393370902922635,5,5,8,8
果渣（柑橘/葡萄/猕猴桃等）,轻度,基本可追溯,良,,是,0,1,高,低,材料主线,花生壳/板栗壳,优/良/差,6.9757403140618495,5,5,8,8
豆制品/粮食发酵副产物,无,明确可追溯,优,,,1,1,高,中,材料主线,豆腐渣/客家黄酒酒糟,良/差（优也可）,10.186106562513235,5,5,5,8
豆制品/粮食发酵副产物,严重,基本可追溯,良,,,1,1,中高,中高,食品支线,豆腐渣为主/客家黄酒酒糟为辅,优/良,0.005124466989866794,5,5,5,5
豆制品/粮食发酵副产物,轻度,明确可追溯,良,,,1,1,高,中,材料主线,豆腐渣/客家黄酒酒糟,良/差（优也可）,10.137363733335622,5,5,5,8
中药残余废弃物,轻度,明确可追溯,优,,,0,0,中,低,无害化兜底,茶渣,差,2.2012439526631633,8,8,8,5
果渣（柑橘/葡萄/猕猴桃等）,无,明确可追溯,差,,否,0,0,中,高,食品支线,茶渣,优,0.0,5,5,2,5
茶渣,严重,明确可追溯,差,否,,0,0,高,中高,食品支线,葡萄籽,优/良,0.21927386484178946,5,5,5,8
豆制品/粮食发酵副产物,严重,来源不明,优,,,1,1,中高,中高,食品支线,豆腐渣为主/客家黄酒酒糟为辅,优/良,0.0,5,5,5,5
果渣（柑橘/葡萄/猕猴桃等）,无,明确可追溯,差,,否,0,1,中高,低,农用利用/兜底去向,豆腐渣/客家黄酒酒糟,差（优/良也可）,5.901969358378198,8,8,8,5
茶渣,轻度,基本可追溯,差,否,,0,1,高,低,前处理稳定化,豆腐渣/客家黄酒酒糟,优/良/差,6.546884279507107,5,5,8,8
茶渣,无,明确可追溯,差,否,,0,0,中,中高,农用资源化,五指毛桃残余/布惊根残余/黄板树根残余/其他来源明确且安全性较可控的中药残余,优/良,0.0,5,5,5,5
果渣（柑橘/葡萄/猕猴桃等）,轻度,基本可追溯,优,,否,0,1,高,低到中,材料主线,五指毛桃残余/布惊根残余/黄板树根残余/其他根茎木质型中药残余,优/良/差,5.455268946895526,5,5,5,8
中药残余废弃物,轻度,来源不明,差,,,0,1,中,低,能源化利用,花生壳/板栗壳,差（优/良也可）,5.411841772952306,8,8,8,5
果渣（柑橘/葡萄/猕猴桃等）,无,明确可追溯,良,,否,0,1,高,低到中,材料主线,五指毛桃残余/布惊根残余/黄板树根残余/其他根茎木质型中药残余,优/良/差,5.336002429394044,5,5,5,8
豆制品/粮食发酵副产物,无,来源不明,优,,,0,1,高,中,材料主线,茶渣,优/良,6.4127629013455145,5,5,5,8
豆制品/粮食发酵副产物,无,来源不明,良,,,0,1,中,中高,农用资源化,五指毛桃残余/布惊根残余/黄板树根残余/其他来源明确且安全性较可控的中药残余,优/良,3.1082552516143447,5,5,5,5
茶渣,严重,明确可追溯,良,否,,1,1,高,中,材料主线,茶渣,优/良,10.153145165090537,5,5,5,8
果渣（柑橘/葡萄/猕猴桃等）,严重,明确可追溯,良,,否,0,1,中高,低,农用材料路线,花生壳/板栗壳,良/差（优也可）,6.459909410876493,5,5,8,5
果渣（柑橘/葡萄/猕猴桃等）,严重,明确可追溯,差,,否,0,0,中高,中高,食品支线,豆腐渣为主/客家黄酒酒糟为辅,优/良,0.0,5,5,5,5
豆制品/粮食发酵副产物,无,基本可追溯,差,,,0,0,中,中高,农用资源化,五指毛桃残余/布惊根残余/黄板树根残余/其他来源明确且安全性较可控的中药残余,优/良,0.0,5,5,5,5
花生壳/板栗壳,轻度,明确可追溯,差,,,0,1,中,低,无害化兜底,柑橘皮/葡萄皮/葡萄籽/猕猴桃副产物/脐橙副产物/水晶梨副产物/混合果渣,差,4.980216232149751,8,8,8,5
茶渣,轻度,基本可追溯,优,否,,1,1,中,高,食品支线,茶渣,优,7.366257242677929,5,5,2,5
豆制品/粮食发酵副产物,轻度,明确可追溯,差,,,0,0,高,中高,食品支线,葡萄皮/柑橘皮/脐橙副产物/猕猴桃副产物,优/良,1.971365373755436,5,5,5,8
茶渣,无,来源不明,良,否,,0,1,高,中高,食品支线,葡萄皮/柑橘皮/脐橙副产物/猕猴桃副产物,优/良,5.168059063239363,5,5,5,8
豆制品/粮食发酵副产物,严重,基本可追溯,优,,,0,1,高,低到中,材料主线,五指毛桃残余/布惊根残余/黄板树根残余/其他根茎木质型中药残余,优/良/差,5.454494129389803,5,5,5,8
果渣（柑橘/葡萄/猕猴桃等）,严重,明确可追溯,良,,否,0,1,高,低到中,材料主线,五指毛桃残余/布惊根残余/黄板树根残余/其他根茎木质型中药残余,优/良/差,5.299988697437804,5,5,5,8
中药残余废弃物,轻度,来源不明,良,,,0,0,中,低,无害化兜底,茶渣,差,2.1867406657822905,8,8,8,5
茶渣,严重,基本可追溯,差,否,,1,1,高,低,材料主线,茶渣,优/良/差,10.999333146830834,5,5,8,8
果渣（柑橘/葡萄/猕猴桃等）,无,明确可追溯,良,,是,1,1,高,中高,食品支线,葡萄皮/柑橘皮/脐橙副产物/猕猴桃副产物,优/良,8.913440239795337,5,5,5,8
豆制品/粮食发酵副产物,无,来源不明,良,,,0,1,高,中,材料主线,茶渣,优/良,6.477203075441404,5,5,5,8
豆制品/粮食发酵副产物,严重,来源不明,良,,,0,1,高,中,材料主线,茶渣,优/良,5.659047608373695,5,5,5,8
茶渣,无,明确可追溯,优,否,,0,1,高,中,材料主线,花生壳/板栗壳,优/良,5.864424376695381,5,5,5,8
果渣（柑橘/葡萄/猕猴桃等）,轻度,基本可追溯,优,,是,0,1,中高,低,农用材料路线,花生壳/板栗壳,良/差（优也可）,6.183570041456051,5,5,8,5
花生壳/板栗壳,轻度,明确可追溯,差,,,0,0,高,中高,食品支线,葡萄籽,优/良,2.2413329457751026,5,5,5,8
豆制品/粮食发酵副产物,轻度,明确可追溯,差,,,0,1,高,低到中,材料主线,五指毛桃残余/布惊根残余/黄板树根残余/其他根茎木质型中药残余,优/良/差,4.656543081872612,5,5,5,8
豆制品/粮食发酵副产物,无,来源不明,差,,,1,1,高,低,前处理稳定化,豆腐渣/客家黄酒酒糟,优/良/差,10.692460665898864,5,5,8,8
茶渣,严重,明确可追溯,优,否,,1,1,中,高,食品支线,茶渣,优,0.33243842151091807,5,5,2,5
果渣（柑橘/葡萄/猕猴桃等）,无,来源不明,差,,否,0,1,高,中,材料主线,豆腐渣/客家黄酒酒糟,良/差（优也可）,5.604257092902493,5,5,5,8
茶渣,轻度,来源不明,优,否,,1,1,中,高,食品支线,茶渣,优,6.845090746305407,5,5,2,5
中药残余废弃物,轻度,基本可追溯,良,,,0,1,高,中高,食品支线,葡萄皮/柑橘皮/脐橙副产物/猕猴桃副产物,优/良,4.883931197084439,5,5,5,8
豆制品/粮食发酵副产物,严重,来源不明,差,,,0,0,中,中高,农用资源化,五指毛桃残余/布惊根残余/黄板树根残余/其他来源明确且安全性较可控的中药残余,优/良,0.0,5,5,5,5
中药残余废弃物,严重,明确可追溯,良,,,0,1,中高,低,材料主线,柑橘皮/葡萄皮/猕猴桃副产物/脐橙副产物/水晶梨副产物/提取后残渣,优/良/差,6.167969702027026,5,5,8,5
花生壳/板栗壳,严重,来源不明,优,,,0,0,中,低,无害化兜底,茶渣,差,2.1141468115106115,8,8,8,5
中药残余废弃物,严重,明确可追溯,差,,,1,1,高,低到中,材料主线,五指毛桃残余/布惊根残余/黄板树根残余/其他根茎木质型中药残余,优/良/差,9.026111561669595,5,5,5,8
花生壳/板栗壳,轻度,来源不明,良,,,1,1,高,中,材料主线,花生壳/板栗壳,优/良,9.535806370768935,5,5,5,8
茶渣,无,来源不明,优,否,,1,1,中,高,食品支线,茶渣,优,6.9000018232436515,5,5,2,5
果渣（柑橘/葡萄/猕猴桃等）,严重,来源不明,良,,是,0,1,高,低,材料主线,茶渣,优/良/差,7.339832103464687,5,5,8,8
花生壳/板栗壳,轻度,来源不明,良,,,0,1,高,中高,食品支线,葡萄籽,优/良,5.010284821878837,5,5,5,8
中药残余废弃物,严重,来源不明,优,,,0,1,高,中,材料主线,豆腐渣/客家黄酒酒糟,良/差（优也可）,6.361535552518568,5,5,5,8
茶渣,轻度,明确可追溯,差,是,,0,0,中高,中高,食品支线,豆腐渣为主/客家黄酒酒糟为辅,优/良,1.444461901164046,5,5,5,5
中药残余废弃物,无,基本可追溯,良,,,0,1,高,低,前处理稳定化,豆腐渣/客家黄酒酒糟,优/良/差,6.551693444730713,5,5,8,8
花生壳/板栗壳,轻度,明确可追溯,差,,,0,0,中,中高,农用资源化,五指毛桃残余/布惊根残余/黄板树根残余/其他来源明确且安全性较可控的中药残余,优/良,0.0,5,5,5,5
豆制品/粮食发酵副产物,无,来源不明,良,,,0,1,高,中,食品支线,柑橘皮/脐橙副产物/猕猴桃副产物/水晶梨副产物,优/良,6.117931943158089,5,5,5,8
花生壳/板栗壳,轻度,来源不明,优,,,1,1,高,中,材料主线,花生壳/板栗壳,优/良,10.415119427484154,5,5,5,8
豆制品/粮食发酵副产物,无,来源不明,良,,,0,1,高,中高,食品支线,葡萄籽,优/良,4.501405732410461,5,5,5,8
茶渣,严重,明确可追溯,良,否,,0,1,中,中高,农用资源化,五指毛桃残余/布惊根残余/黄板树根残余/其他来源明确且安全性较可控的中药残余,优/良,3.3476230318807456,5,5,5,5
中药残余废弃物,无,来源不明,良,,,0,1,高,中,材料主线,茶渣,优/良,6.030996740028988,5,5,5,8
茶渣,无,基本可追溯,优,否,,0,1,中高,中高,食品支线,豆腐渣为主/客家黄酒酒糟为辅,优/良,4.337339229530395,5,5,5,5
花生壳/板栗壳,严重,明确可追溯,差,,,0,1,高,中,材料主线,豆腐渣/客家黄酒酒糟,良/差（优也可）,5.839879216670962,5,5,5,8
茶渣,严重,基本可追溯,差,是,,0,1,高,低,材料主线,花生壳/板栗壳,优/良/差,6.780358324651017,5,5,8,8
茶渣,轻度,基本可追溯,良,是,,0,1,中,中高,农用资源化,五指毛桃残余/布惊根残余/黄板树根残余/其他来源明确且安全性较可控的中药残余,优/良,2.82655056175137,5,5,5,5
茶渣,严重,基本可追溯,差,是,,0,1,高,中,材料主线,豆腐渣/客家黄酒酒糟,良/差（优也可）,5.778500940770303,5,5,5,8
花生壳/板栗壳,无,来源不明,差,,,0,1,高,中,材料主线,豆腐渣/客家黄酒酒糟,良/差（优也可）,6.110596965429353,5,5,5,8
果渣（柑橘/葡萄/猕猴桃等）,严重,基本可追溯,差,,否,0,0,中,中高,农用资源化,五指毛桃残余/布惊根残余/黄板树根残余/其他来源明确且安全性较可控的中药残余,优/良,0.2284648089804875,5,5,5,5
中药残余废弃物,轻度,基本可追溯,差,,,0,0,中高,中高,食品支线,豆腐渣为主/客家黄酒酒糟为辅,优/良,1.1989303271618044,5,5,5,5
花生壳/板栗壳,轻度,明确可追溯,良,,,0,1,高,低到中,材料主线,五指毛桃残余/布惊根残余/黄板树根残余/其他根茎木质型中药残余,优/良/差,5.029540948928218,5,5,5,8
果渣（柑橘/葡萄/猕猴桃等）,轻度,明确可追溯,差,,否,0,1,中高,低,农用材料路线,花生壳/板栗壳,良/差（优也可）,6.0468186581644225,5,5,8,5
果渣（柑橘/葡萄/猕猴桃等）,无,明确可追溯,良,,否,0,1,高,中,材料主线,茶渣,优/良,6.057304879787486,5,5,5,8
中药残余废弃物,轻度,明确可追溯,良,,,0,1,中,低,能源化利用,花生壳/板栗壳,差（优/良也可）,4.8570613720786495,8,8,8,5
豆制品/粮食发酵副产物,严重,明确可追溯,差,,,0,1,中,低,无害化兜底,茶渣,差,5.3452752185889505,8,8,8,5
豆制品/粮食发酵副产物,严重,明确可追溯,良,,,0,1,高,中,材料主线,茶渣,优/良,6.31289756317058,5,5,5,8
茶渣,轻度,基本可追溯,差,是,,1,1,中,低,无害化兜底,茶渣,差,9.280444726516507,8,8,8,5
果渣（柑橘/葡萄/猕猴桃等）,轻度,基本可追溯,优,,是,0,1,高,中,材料主线,茶渣,优/良,5.608539421035452,5,5,5,8
豆制品/粮食发酵副产物,严重,来源不明,良,,,0,0,中,高,食品支线,茶渣,优,0.337821771840607,5,5,2,5
果渣（柑橘/葡萄/猕猴桃等）,无,基本可追溯,优,,是,0,1,高,低,材料主线,花生壳/板栗壳,优/良/差,7.176245628891379,5,5,8,8
花生壳/板栗壳,严重,基本可追溯,优,,,1,1,高,低,材料主线,花生壳/板栗壳,优/良/差,10.879690723356884,5,5,8,8
花生壳/板栗壳,严重,基本可追溯,优,,,0,1,高,低到中,材料主线,五指毛桃残余/布惊根残余/黄板树根残余/其他根茎木质型中药残余,优/良/差,4.785182838313748,5,5,5,8
豆制品/粮食发酵副产物,轻度,基本可追溯,差,,,0,1,中高,低,农用材料路线,花生壳/板栗壳,良/差（优也可）,6.332969936440661,5,5,8,5
果渣（柑橘/葡萄/猕猴桃等）,无,明确可追溯,优,,是,0,1,高,低,材料主线,花生壳/板栗壳,优/良/差,6.516035242476942,5,5,8,8
中药残余废弃物,轻度,明确可追溯,优,,,0,1,高,低,前处理稳定化,豆腐渣/客家黄酒酒糟,优/良/差,7.016714207740747,5,5,8,8
花生壳/板栗壳,无,基本可追溯,良,,,0,1,中高,低,材料主线,柑橘皮/葡萄皮/猕猴桃副产物/脐橙副产物/水晶梨副产物/提取后残渣,优/良/差,6.046158607489042,5,5,8,5
花生壳/板栗壳,严重,基本可追溯,优,,,1,1,中,低,能源化利用,花生壳/板栗壳,差（优/良也可）,9.154039333810609,8,8,8,5
茶渣,轻度,来源不明,优,是,,0,1,高,中,食品支线,柑橘皮/脐橙副产物/猕猴桃副产物/水晶梨副产物,优/良,6.266858432986969,5,5,5,8
中药残余废弃物,无,来源不明,优,,,0,1,中高,低,材料主线,柑橘皮/葡萄皮/猕猴桃副产物/脐橙副产物/水晶梨副产物/提取后残渣,优/良/差,5.906500856306302,5,5,8,5
花生壳/板栗壳,无,明确可追溯,优,,,0,0,中,低,无害化兜底,柑橘皮/葡萄皮/葡萄籽/猕猴桃副产物/脐橙副产物/水晶梨副产物/混合果渣,差,1.7874000731834787,8,8,8,5
茶渣,轻度,来源不明,良,否,,0,1,中高,低,材料主线,柑橘皮/葡萄皮/猕猴桃副产物/脐橙副产物/水晶梨副产物/提取后残渣,优/良/差,5.55098744861118,5,5,8,5
豆制品/粮食发酵副产物,严重,明确可追溯,优,,,0,1,高,中,材料主线,茶渣,优/良,6.373353088231759,5,5,5,8
果渣（柑橘/葡萄/猕猴桃等）,轻度,来源不明,良,,是,0,1,中,中高,农用资源化,五指毛桃残余/布惊根残余/黄板树根残余/其他来源明确且安全性较可控的中药残余,优/良,2.658580566742035,5,5,5,5
中药残余废弃物,轻度,来源不明,良,,,0,1,中高,低,农用利用/兜底去向,豆腐渣/客家黄酒酒糟,差（优/良也可）,5.823381371484672,8,8,8,5
果渣（柑橘/葡萄/猕猴桃等）,严重,明确可追溯,优,,否,0,1,高,中,材料主线,茶渣,优/良,5.991772586931747,5,5,5,8
茶渣,无,基本可追溯,优,否,,0,0,中,低,无害化兜底,柑橘皮/葡萄皮/葡萄籽/猕猴桃副产物/脐橙副产物/水晶梨副产物/混合果渣,差,1.795612191428054,8,8,8,5
花生壳/板栗壳,无,来源不明,差,,,0,1,高,低到中,材料主线,五指毛桃残余/布惊根残余/黄板树根残余/其他根茎木质型中药残余,优/良/差,4.779580278472498,5,5,5,8
花生壳/板栗壳,无,基本可追溯,差,,,0,0,高,中,食品支线,柑橘皮/脐橙副产物/猕猴桃副产物/水晶梨副产物,优/良,2.8847039798546494,5,5,5,8
茶渣,无,基本可追溯,良,是,,0,0,中,低,无害化兜底,柑橘皮/葡萄皮/葡萄籽/猕猴桃副产物/脐橙副产物/水晶梨副产物/混合果渣,差,1.9428745975233512,8,8,8,5
花生壳/板栗壳,严重,明确可追溯,良,,,0,1,高,中,材料主线,豆腐渣/客家黄酒酒糟,良/差（优也可）,5.546282412788177,5,5,5,8
果渣（柑橘/葡萄/猕猴桃等）,无,来源不明,差,,否,0,1,高,低,材料主线,茶渣,优/良/差,6.7720672083738425,5,5,8,8
豆制品/粮食发酵副产物,无,基本可追溯,良,,,0,0,中,高,食品支线,茶渣,优,0.0,5,5,2,5
果渣（柑橘/葡萄/猕猴桃等）,轻度,明确可追溯,差,,是,0,0,中高,中高,食品支线,豆腐渣为主/客家黄酒酒糟为辅,优/良,1.1037200010175963,5,5,5,5
豆制品/粮食发酵副产物,轻度,明确可追溯,优,,,0,1,高,低到中,材料主线,五指毛桃残余/布惊根残余/黄板树根残余/其他根茎木质型中药残余,优/良/差,4.570879811181224,5,5,5,8
豆制品/粮食发酵副产物,严重,明确可追溯,优,,,1,1,中高,中高,食品支线,豆腐渣为主/客家黄酒酒糟为辅,优/良,0.4627065772936956,5,5,5,5
花生壳/板栗壳,严重,明确可追溯,优,,,0,1,中高,中高,食品支线,豆腐渣为主/客家黄酒酒糟为辅,优/良,0.03333302406626937,5,5,5,5
中药残余废弃物,无,来源不明,差,,,0,1,高,低,材料主线,花生壳/板栗壳,优/良/差,6.654206730692485,5,5,8,8
豆制品/粮食发酵副产物,轻度,明确可追溯,优,,,0,1,高,中高,食品支线,葡萄籽,优/良,4.589173440298612,5,5,5,8
花生壳/板栗壳,轻度,基本可追溯,优,,,0,1,高,中高,食品支线,葡萄籽,优/良,5.053772997337515,5,5,5,8
茶渣,无,来源不明,优,是,,0,1,高,中,材料主线,豆腐渣/客家黄酒酒糟,良/差（优也可）,5.678972843570664,5,5,5,8
豆制品/粮食发酵副产物,无,基本可追溯,优,,,0,1,高,中高,食品支线,葡萄皮/柑橘皮/脐橙副产物/猕猴桃副产物,优/良,5.014763131555817,5,5,5,8
茶渣,无,来源不明,差,否,,0,1,中高,低,农用利用/兜底去向,豆腐渣/客家黄酒酒糟,差（优/良也可）,6.110906584545158,8,8,8,5
中药残余废弃物,轻度,明确可追溯,差,,,0,0,中高,中高,食品支线,豆腐渣为主/客家黄酒酒糟为辅,优/良,0.6532684501394287,5,5,5,5
豆制品/粮食发酵副产物,严重,基本可追溯,差,,,1,1,中高,低,农用利用/兜底去向,豆腐渣/客家黄酒酒糟,差（优/良也可）,10.105521294907456,8,8,8,5
花生壳/板栗壳,严重,基本可追溯,优,,,0,1,高,中高,食品支线,葡萄籽,优/良,0.00821617865025781,5,5,5,8
茶渣,轻度,明确可追溯,良,否,,1,1,高,中,材料主线,茶渣,优/良,9.515395136641636,5,5,5,8
中药残余废弃物,严重,明确可追溯,差,,,0,1,高,低,前处理稳定化,豆腐渣/客家黄酒酒糟,优/良/差,7.132895105392615,5,5,8,8
中药残余废弃物,严重,基本可追溯,优,,,0,1,中,高,食品支线,茶渣,优,0.19954887134485533,5,5,2,5
果渣（柑橘/葡萄/猕猴桃等）,无,基本可追溯,差,,是,0,0,高,中,材料主线,花生壳/板栗壳,优/良,3.0492144126511636,5,5,5,8
花生壳/板栗壳,轻度,来源不明,良,,,0,0,中,低,无害化兜底,柑橘皮/葡萄皮/葡萄籽/猕猴桃副产物/脐橙副产物/水晶梨副产物/混合果渣,差,1.5043797585070584,8,8,8,5
果渣（柑橘/葡萄/猕猴桃等）,严重,明确可追溯,良,,是,1,0,中,低,无害化兜底,柑橘皮/葡萄皮/葡萄籽/猕猴桃副产物/脐橙副产物/水晶梨副产物/混合果渣,差,6.109167878794498,8,8,8,5
中药残余废弃物,严重,来源不明,良,,,1,1,高,低到中,材料主线,五指毛桃残余/布惊根残余/黄板树根残余/其他根茎木质型中药残余,优/良/差,9.085423653248965,5,5,5,8
茶渣,无,来源不明,优,是,,0,1,中高,中高,食品支线,豆腐渣为主/客家黄酒酒糟为辅,优/良,3.9724539436816757,5,5,5,5
花生壳/板栗壳,无,来源不明,优,,,0,1,中高,低,材料主线,柑橘皮/葡萄皮/猕猴桃副产物/脐橙副产物/水晶梨副产物/提取后残渣,优/良/差,5.959028010039322,5,5,8,5
豆制品/粮食发酵副产物,严重,基本可追溯,良,,,1,1,中高,低,农用利用/兜底去向,豆腐渣/客家黄酒酒糟,差（优/良也可）,9.679758219926066,8,8,8,5
茶渣,轻度,明确可追溯,优,否,,0,1,高,中高,食品支线,葡萄籽,优/良,5.257391436733122,5,5,5,8
豆制品/粮食发酵副产物,轻度,基本可追溯,优,,,0,1,高,低到中,材料主线,五指毛桃残余/布惊根残余/黄板树根残余/其他根茎木质型中药残余,优/良/差,4.554203773939711,5,5,5,8
中药残余废弃物,无,来源不明,优,,,0,1,中高,中高,食品支线,豆腐渣为主/客家黄酒酒糟为辅,优/良,3.580314554274203,5,5,5,5
花生壳/板栗壳,无,明确可追溯,优,,,0,1,中,中高,农用资源化,五指毛桃残余/布惊根残余/黄板树根残余/其他来源明确且安全性较可控的中药残余,优/良,3.0868502346406497,5,5,5,5
茶渣,轻度,基本可追溯,良,否,,0,1,中,低,能源化利用,花生壳/板栗壳,差（优/良也可）,4.613050629293405,8,8,8,5
果渣（柑橘/葡萄/猕猴桃等）,严重,明确可追溯,优,,否,1,0,中,低,无害化兜底,柑橘皮/葡萄皮/葡萄籽/猕猴桃副产物/脐橙副产物/水晶梨副产物/混合果渣,差,6.194341433470773,8,8,8,5
茶渣,无,基本可追溯,差,否,,0,1,中高,低,材料主线,柑橘皮/葡萄皮/猕猴桃副产物/脐橙副产物/水晶梨副产物/提取后残渣,优/良/差,6.1412305594713406,5,5,8,5
豆制品/粮食发酵副产物,严重,来源不明,良,,,1,1,中高,低,农用利用/兜底去向,豆腐渣/客家黄酒酒糟,差（优/良也可）,9.560228968848527,8,8,8,5
中药残余废弃物,轻度,基本可追溯,优,,,0,1,高,中,材料主线,花生壳/板栗壳,优/良,5.521973681480592,5,5,5,8
茶渣,严重,来源不明,优,否,,1,1,高,低,材料主线,茶渣,优/良/差,11.1078623871161,5,5,8,8
花生壳/板栗壳,严重,明确可追溯,差,,,0,0,高,中高,食品支线,葡萄皮/柑橘皮/脐橙副产物/猕猴桃副产物,优/良,0.0,5,5,5,8
中药残余废弃物,无,基本可追溯,优,,,0,0,中,低,无害化兜底,柑橘皮/葡萄皮/葡萄籽/猕猴桃副产物/脐橙副产物/水晶梨副产物/混合果渣,差,1.6079075217237948,8,8,8,5
豆制品/粮食发酵副产物,轻度,明确可追溯,差,,,1,1,中高,低,农用利用/兜底去向,豆腐渣/客家黄酒酒糟,差（优/良也可）,10.035167135685196,8,8,8,5
果渣（柑橘/葡萄/猕猴桃等）,无,基本可追溯,优,,否,0,1,高,低,材料主线,茶渣,优/良/差,7.305939545947512,5,5,8,8
茶渣,严重,基本可追溯,差,否,,0,1,中高,低,农用利用/兜底去向,豆腐渣/客家黄酒酒糟,差（优/良也可）,6.049732870968828,8,8,8,5
中药残余废弃物,无,来源不明,优,,,0,0,中,低,无害化兜底,柑橘皮/葡萄皮/葡萄籽/猕猴桃副产物/脐橙副产物/水晶梨副产物/混合果渣,差,1.9268509239380607,8,8,8,5
豆制品/粮食发酵副产物,轻度,基本可追溯,良,,,0,1,中高,低,材料主线,柑橘皮/葡萄皮/猕猴桃副产物/脐橙副产物/水晶梨副产物/提取后残渣,优/良/差,6.411038701516496,5,5,8,5
果渣（柑橘/葡萄/猕猴桃等）,严重,来源不明,优,,否,0,1,高,低,前处理稳定化,豆腐渣/客家黄酒酒糟,优/良/差,7.198063214183815,5,5,8,8
茶渣,严重,来源不明,良,是,,0,1,高,中,材料主线,花生壳/板栗壳,优/良,6.082723029592056,5,5,5,8
果渣（柑橘/葡萄/猕猴桃等）,严重,来源不明,良,,是,0,1,高,中,材料主线,茶渣,优/良,5.509641691287159,5,5,5,8
花生壳/板栗壳,无,来源不明,优,,,0,0,中,低,无害化兜底,柑橘皮/葡萄皮/葡萄籽/猕猴桃副产物/脐橙副产物/水晶梨副产物/混合果渣,差,2.126755207793024,8,8,8,5
茶渣,无,基本可追溯,优,否,,0,1,高,中,材料主线,花生壳/板栗壳,优/良,6.462897892741406,5,5,5,8
中药残余废弃物,轻度,明确可追溯,差,,,0,1,高,低,材料主线,花生壳/板栗壳,优/良/差,6.979592548393113,5,5,8,8
果渣（柑橘/葡萄/猕猴桃等）,轻度,来源不明,差,,否,0,1,高,低,材料主线,茶渣,优/良/差,6.981232408283725,5,5,8,8
茶渣,无,基本可追溯,优,是,,0,0,中,低,无害化兜底,柑橘皮/葡萄皮/葡萄籽/猕猴桃副产物/脐橙副产物/水晶梨副产物/混合果渣,差,1.6082675433733133,8,8,8,5
豆制品/粮食发酵副产物,严重,基本可追溯,优,,,0,1,高,中,材料主线,茶渣,优/良,5.521298598804534,5,5,5,8
中药残余废弃物,轻度,明确可追溯,良,,,0,1,中高,低,材料主线,柑橘皮/葡萄皮/猕猴桃副产物/脐橙副产物/水晶梨副产物/提取后残渣,优/良/差,5.8331783257131224,5,5,8,5
茶渣,轻度,基本可追溯,优,否,,0,1,高,中,材料主线,花生壳/板栗壳,优/良,6.205599587519985,5,5,5,8
花生壳/板栗壳,无,基本可追溯,差,,,0,1,中,低,无害化兜底,茶渣,差,5.191542846796262,8,8,8,5
果渣（柑橘/葡萄/猕猴桃等）,轻度,来源不明,良,,否,0,1,高,中,材料主线,茶渣,优/良,5.714069704051043,5,5,5,8
果渣（柑橘/葡萄/猕猴桃等）,严重,基本可追溯,优,,否,1,0,中,低,无害化兜底,柑橘皮/葡萄皮/葡萄籽/猕猴桃副产物/脐橙副产物/水晶梨副产物/混合果渣,差,5.611206393519321,8,8,8,5
豆制品/粮食发酵副产物,轻度,明确可追溯,良,,,0,1,中,低,能源化利用,花生壳/板栗壳,差（优/良也可）,4.860893241411739,8,8,8,5
中药残余废弃物,严重,基本可追溯,良,,,0,1,中高,低,农用利用/兜底去向,豆腐渣/客家黄酒酒糟,差（优/良也可）,6.161100358593262,8,8,8,5
茶渣,严重,来源不明,优,是,,1,1,高,中,材料主线,茶渣,优/良,9.703684843068062,5,5,5,8
中药残余废弃物,严重,明确可追溯,差,,,0,1,中,低,能源化利用,花生壳/板栗壳,差（优/良也可）,5.056495904423569,8,8,8,5
茶渣,无,明确可追溯,优,否,,0,1,高,中高,食品支线,葡萄皮/柑橘皮/脐橙副产物/猕猴桃副产物,优/良,5.3547072110634,5,5,5,8
豆制品/粮食发酵副产物,无,明确可追溯,良,,,0,0,中,高,食品支线,茶渣,优,0.3165746924520675,5,5,2,5
豆制品/粮食发酵副产物,无,来源不明,差,,,1,0,中高,中高,食品支线,豆腐渣为主/客家黄酒酒糟为辅,优/良,4.636795107328911,5,5,5,5
茶渣,严重,基本可追溯,优,否,,0,1,高,低到中,材料主线,五指毛桃残余/布惊根残余/黄板树根残余/其他根茎木质型中药残余,优/良/差,5.178408533018943,5,5,5,8
花生壳/板栗壳,轻度,来源不明,良,,,1,1,高,中,材料主线,花生壳/板栗壳,优/良,10.273605587981125,5,5,5,8
豆制品/粮食发酵副产物,严重,来源不明,差,,,0,1,高,低,材料主线,茶渣,优/良/差,6.603965452348107,5,5,8,8
豆制品/粮食发酵副产物,无,基本可追溯,优,,,0,0,中,低,无害化兜底,柑橘皮/葡萄皮/葡萄籽/猕猴桃副产物/脐橙副产物/水晶梨副产物/混合果渣,差,1.9701757093432244,8,8,8,5
果渣（柑橘/葡萄/猕猴桃等）,轻度,基本可追溯,差,,否,0,0,中,高,食品支线,茶渣,优,0.20767589881284088,5,5,2,5
果渣（柑橘/葡萄/猕猴桃等）,无,来源不明,良,,否,1,1,高,中高,食品支线,葡萄皮/柑橘皮/脐橙副产物/猕猴桃副产物,优/良,8.705743975688494,5,5,5,8
果渣（柑橘/葡萄/猕猴桃等）,严重,明确可追溯,差,,是,0,0,中,高,食品支线,茶渣,优,0.2861623989536446,5,5,2,5
豆制品/粮食发酵副产物,轻度,明确可追溯,优,,,1,1,中高,低,农用利用/兜底去向,豆腐渣/客家黄酒酒糟,差（优/良也可）,9.658902129641165,8,8,8,5
中药残余废弃物,严重,明确可追溯,差,,,0,1,中,低,无害化兜底,茶渣,差,4.516509328988248,8,8,8,5
果渣（柑橘/葡萄/猕猴桃等）,严重,明确可追溯,差,,是,0,1,高,低,材料主线,茶渣,优/良/差,7.253155105934578,5,5,8,8
花生壳/板栗壳,轻度,来源不明,良,,,0,1,中,中高,农用资源化,五指毛桃残余/布惊根残余/黄板树根残余/其他来源明确且安全性较可控的中药残余,优/良,2.8173462943547474,5,5,5,5
中药残余废弃物,无,来源不明,差,,,0,1,中高,低,材料主线,柑橘皮/葡萄皮/猕猴桃副产物/脐橙副产物/水晶梨副产物/提取后残渣,优/良/差,6.056405951501497,5,5,8,5
豆制品/粮食发酵副产物,无,基本可追溯,优,,,0,1,高,低,材料主线,茶渣,优/良/差,6.712851293631292,5,5,8,8
豆制品/粮食发酵副产物,严重,来源不明,差,,,0,1,中高,低,材料主线,柑橘皮/葡萄皮/猕猴桃副产物/脐橙副产物/水晶梨副产物/提取后残渣,优/良/差,5.920567106573819,5,5,8,5
花生壳/板栗壳,无,基本可追溯,良,,,0,1,高,中,材料主线,豆腐渣/客家黄酒酒糟,良/差（优也可）,6.4801989087625,5,5,5,8
果渣（柑橘/葡萄/猕猴桃等）,轻度,基本可追溯,优,,是,0,1,高,低到中,材料主线,五指毛桃残余/布惊根残余/黄板树根残余/其他根茎木质型中药残余,优/良/差,4.722591863754238,5,5,5,8
豆制品/粮食发酵副产物,轻度,来源不明,良,,,0,1,中,中高,农用资源化,五指毛桃残余/布惊根残余/黄板树根残余/其他来源明确且安全性较可控的中药残余,优/良,2.9689009829460993,5,5,5,5
豆制品/粮食发酵副产物,严重,基本可追溯,良,,,0,1,中,低,能源化利用,花生壳/板栗壳,差（优/良也可）,5.257947323753431,8,8,8,5
花生壳/板栗壳,严重,来源不明,优,,,0,1,高,中,材料主线,豆腐渣/客家黄酒酒糟,良/差（优也可）,5.524269970023015,5,5,5,8
茶渣,严重,基本可追溯,差,是,,0,1,中高,低,材料主线,柑橘皮/葡萄皮/猕猴桃副产物/脐橙副产物/水晶梨副产物/提取后残渣,优/良/差,6.2470351032370335,5,5,8,5
豆制品/粮食发酵副产物,无,基本可追溯,差,,,0,1,中高,低,材料主线,柑橘皮/葡萄皮/猕猴桃副产物/脐橙副产物/水晶梨副产物/提取后残渣,优/良/差,5.655019517532924,5,5,8,5
果渣（柑橘/葡萄/猕猴桃等）,严重,来源不明,优,,否,1,1,高,中高,食品支线,葡萄皮/柑橘皮/脐橙副产物/猕猴桃副产物,优/良,0.0,5,5,5,8
中药残余废弃物,轻度,来源不明,差,,,0,0,高,中高,食品支线,葡萄籽,优/良,1.539986405163769,5,5,5,8
豆制品/粮食发酵副产物,无,来源不明,优,,,0,0,中,低,无害化兜底,茶渣,差,2.4745747178886592,8,8,8,5
豆制品/粮食发酵副产物,无,来源不明,良,,,0,1,中高,低,材料主线,柑橘皮/葡萄皮/猕猴桃副产物/脐橙副产物/水晶梨副产物/提取后残渣,优/良/差,5.67088008556089,5,5,8,5
茶渣,轻度,明确可追溯,良,是,,1,0,中,低,无害化兜底,茶渣,差,6.195310471740942,8,8,8,5
果渣（柑橘/葡萄/猕猴桃等）,严重,明确可追溯,良,,否,0,1,高,中,材料主线,茶渣,优/良,5.832654712990539,5,5,5,8
花生壳/板栗壳,无,来源不明,差,,,0,1,中,低,无害化兜底,柑橘皮/葡萄皮/葡萄籽/猕猴桃副产物/脐橙副产物/水晶梨副产物/混合果渣,差,4.854508000682196,8,8,8,5
豆制品/粮食发酵副产物,严重,来源不明,差,,,0,0,中,中高,农用资源化,五指毛桃残余/布惊根残余/黄板树根残余/其他来源明确且安全性较可控的中药残余,优/良,0.4198447893262566,5,5,5,5
中药残余废弃物,严重,来源不明,优,,,0,1,中,低,能源化利用,花生壳/板栗壳,差（优/良也可）,5.409365911959172,8,8,8,5
豆制品/粮食发酵副产物,无,基本可追溯,差,,,0,1,高,低,材料主线,花生壳/板栗壳,优/良/差,6.78845778010322,5,5,8,8
中药残余废弃物,严重,明确可追溯,差,,,1,0,中,中高,农用资源化,五指毛桃残余/布惊根残余/黄板树根残余/其他来源明确且安全性较可控的中药残余,优/良,4.3603012432299515,5,5,5,5
豆制品/粮食发酵副产物,轻度,来源不明,差,,,1,1,高,低,前处理稳定化,豆腐渣/客家黄酒酒糟,优/良/差,11.269838453643342,5,5,8,8
茶渣,轻度,明确可追溯,良,是,,0,1,高,低到中,材料主线,五指毛桃残余/布惊根残余/黄板树根残余/其他根茎木质型中药残余,优/良/差,5.484172355421751,5,5,5,8
豆制品/粮食发酵副产物,轻度,明确可追溯,优,,,0,1,中,高,食品支线,茶渣,优,2.8592826504781215,5,5,2,5
花生壳/板栗壳,轻度,来源不明,优,,,1,1,中,低,能源化利用,花生壳/板栗壳,差（优/良也可）,8.57186590448747,8,8,8,5
豆制品/粮食发酵副产物,严重,来源不明,良,,,0,1,高,低,材料主线,茶渣,优/良/差,7.1703899501986035,5,5,8,8
花生壳/板栗壳,无,来源不明,差,,,0,0,中,中高,农用资源化,五指毛桃残余/布惊根残余/黄板树根残余/其他来源明确且安全性较可控的中药残余,优/良,0.01920438277554215,5,5,5,5
茶渣,严重,来源不明,优,是,,1,0,中,低,无害化兜底,茶渣,差,6.386844294500566,8,8,8,5
花生壳/板栗壳,轻度,明确可追溯,良,,,1,1,中,低,能源化利用,花生壳/板栗壳,差（优/良也可）,9.228052677157727,8,8,8,5
中药残余废弃物,轻度,基本可追溯,优,,,0,1,高,低,材料主线,茶渣,优/良/差,6.945342279701754,5,5,8,8
茶渣,轻度,基本可追溯,差,否,,0,0,高,中高,食品支线,葡萄皮/柑橘皮/脐橙副产物/猕猴桃副产物,优/良,2.290659780022604,5,5,5,8
茶渣,无,来源不明,良,是,,0,1,中高,中高,食品支线,豆腐渣为主/客家黄酒酒糟为辅,优/良,3.6188382763142477,5,5,5,5
茶渣,无,来源不明,优,否,,1,0,中,低,无害化兜底,茶渣,差,6.372156622356121,8,8,8,5
花生壳/板栗壳,无,来源不明,良,,,0,0,中,低,无害化兜底,柑橘皮/葡萄皮/葡萄籽/猕猴桃副产物/脐橙副产物/水晶梨副产物/混合果渣,差,2.3368317477156815,8,8,8,5
豆制品/粮食发酵副产物,轻度,基本可追溯,差,,,0,0,中,高,食品支线,茶渣,优,0.4854113724879796,5,5,2,5
花生壳/板栗壳,无,基本可追溯,良,,,0,1,中高,中高,食品支线,豆腐渣为主/客家黄酒酒糟为辅,优/良,4.358332912837193,5,5,5,5
中药残余废弃物,轻度,基本可追溯,优,,,0,1,中高,低,农用材料路线,花生壳/板栗壳,良/差（优也可）,5.569896722407457,5,5,8,5
豆制品/粮食发酵副产物,无,基本可追溯,优,,,0,1,高,中,材料主线,茶渣,优/良,5.764383203462396,5,5,5,8
果渣（柑橘/葡萄/猕猴桃等）,无,基本可追溯,差,,否,1,0,高,中,食品支线,柑橘皮/脐橙副产物/猕猴桃副产物/水晶梨副产物,优/良,7.3330707434206825,5,5,5,8
豆制品/粮食发酵副产物,严重,基本可追溯,优,,,0,1,高,中高,食品支线,葡萄籽,优/良,0.0,5,5,5,8
茶渣,无,基本可追溯,差,是,,0,0,高,中,食品支线,柑橘皮/脐橙副产物/猕猴桃副产物/水晶梨副产物,优/良,3.4752738421067164,5,5,5,8
花生壳/板栗壳,严重,明确可追溯,优,,,0,1,中高,低,农用利用/兜底去向,豆腐渣/客家黄酒酒糟,差（优/良也可）,6.068537634264591,8,8,8,5
茶渣,严重,明确可追溯,优,否,,0,1,中高,低,农用利用/兜底去向,豆腐渣/客家黄酒酒糟,差（优/良也可）,6.229620762901747,8,8,8,5
豆制品/粮食发酵副产物,严重,明确可追溯,优,,,0,1,高,低,材料主线,茶渣,优/良/差,6.608553911648492,5,5,8,8
茶渣,无,明确可追溯,差,否,,0,0,高,中高,食品支线,葡萄籽,优/良,1.8759324614009387,5,5,5,8
中药残余废弃物,无,来源不明,差,,,0,1,高,中,材料主线,豆腐渣/客家黄酒酒糟,良/差（优也可）,6.314716275328856,5,5,5,8
豆制品/粮食发酵副产物,严重,来源不明,差,,,0,0,高,中,材料主线,茶渣,优/良,2.563661012301912,5,5,5,8
豆制品/粮食发酵副产物,严重,基本可追溯,优,,,0,1,高,中,材料主线,花生壳/板栗壳,优/良,6.212584808886285,5,5,5,8
中药残余废弃物,无,基本可追溯,优,,,0,0,中,低,无害化兜底,柑橘皮/葡萄皮/葡萄籽/猕猴桃副产物/脐橙副产物/水晶梨副产物/混合果渣,差,2.053828403633127,8,8,8,5
花生壳/板栗壳,无,明确可追溯,优,,,0,1,高,低到中,材料主线,五指毛桃残余/布惊根残余/黄板树根残余/其他根茎木质型中药残余,优/良/差,4.972434692044029,5,5,5,8
茶渣,无,基本可追溯,优,是,,0,1,中,低,能源化利用,花生壳/板栗壳,差（优/良也可）,4.920854697765996,8,8,8,5
果渣（柑橘/葡萄/猕猴桃等）,严重,基本可追溯,差,,是,0,1,高,低,材料主线,茶渣,优/良/差,7.06814275431736,5,5,8,8
豆制品/粮食发酵副产物,轻度,明确可追溯,良,,,0,1,中高,低,材料主线,柑橘皮/葡萄皮/猕猴桃副产物/脐橙副产物/水晶梨副产物/提取后残渣,优/良/差,6.0371722079213495,5,5,8,5
果渣（柑橘/葡萄/猕猴桃等）,严重,来源不明,良,,否,0,1,中高,低,农用利用/兜底去向,豆腐渣/客家黄酒酒糟,差（优/良也可）,6.225959314737939,8,8,8,5
豆制品/粮食发酵副产物,严重,明确可追溯,差,,,0,1,中,低,无害化兜底,茶渣,差,5.155694197727842,8,8,8,5
中药残余废弃物,严重,来源不明,差,,,0,1,高,低,前处理稳定化,豆腐渣/客家黄酒酒糟,优/良/差,6.53991292608548,5,5,8,8
豆制品/粮食发酵副产物,无,来源不明,良,,,0,0,中,低,无害化兜底,茶渣,差,1.8063638665292305,8,8,8,5
果渣（柑橘/葡萄/猕猴桃等）,轻度,基本可追溯,良,,否,1,1,中高,低,材料主线,柑橘皮/葡萄皮/猕猴桃副产物/脐橙副产物/水晶梨副产物/提取后残渣,优/良/差,10.027300652116342,5,5,8,5
茶渣,轻度,明确可追溯,良,是,,0,1,高,中高,食品支线,葡萄皮/柑橘皮/脐橙副产物/猕猴桃副产物,优/良,5.026794347902566,5,5,5,8
果渣（柑橘/葡萄/猕猴桃等）,无,明确可追溯,差,,否,0,0,中,高,食品支线,茶渣,优,0.2782095154312303,5,5,2,5
花生壳/板栗壳,严重,来源不明,良,,,1,1,高,低,材料主线,花生壳/板栗壳,优/良/差,10.508898375093048,5,5,8,8
中药残余废弃物,轻度,明确可追溯,优,,,0,1,高,中,材料主线,茶渣,优/良,6.31539772085522,5,5,5,8
茶渣,无,基本可追溯,良,否,,0,1,高,中,材料主线,花生壳/板栗壳,优/良,6.425327403778535,5,5,5,8
花生壳/板栗壳,轻度,基本可追溯,差,,,0,1,中,低,无害化兜底,茶渣,差,5.229603868602225,8,8,8,5
茶渣,轻度,来源不明,差,是,,0,1,中,低,无害化兜底,柑橘皮/葡萄皮/葡萄籽/猕猴桃副产物/脐橙副产物/水晶梨副产物/混合果渣,差,4.939733219612178,8,8,8,5
茶渣,轻度,基本可追溯,良,是,,0,1,中,低,能源化利用,花生壳/板栗壳,差（优/良也可）,4.87326758492327,8,8,8,5
花生壳/板栗壳,无,明确可追溯,优,,,0,0,中,低,无害化兜底,柑橘皮/葡萄皮/葡萄籽/猕猴桃副产物/脐橙副产物/水晶梨副产物/混合果渣,差,1.7848513505944186,8,8,8,5
茶渣,无,明确可追溯,良,是,,0,1,中高,中高,食品支线,豆腐渣为主/客家黄酒酒糟为辅,优/良,3.819634800078963,5,5,5,5
茶渣,无,明确可追溯,良,是,,0,1,高,中高,食品支线,葡萄皮/柑橘皮/脐橙副产物/猕猴桃副产物,优/良,5.263738652539525,5,5,5,8
花生壳/板栗壳,严重,明确可追溯,差,,,1,1,高,低,材料主线,花生壳/板栗壳,优/良/差,11.25060088449493,5,5,8,8
中药残余废弃物,无,来源不明,差,,,0,0,高,中高,食品支线,葡萄籽,优/良,2.2010877157274167,5,5,5,8
果渣（柑橘/葡萄/猕猴桃等）,无,基本可追溯,优,,否,1,1,中高,低,材料主线,柑橘皮/葡萄皮/猕猴桃副产物/脐橙副产物/水晶梨副产物/提取后残渣,优/良/差,9.517128633277006,5,5,8,5
果渣（柑橘/葡萄/猕猴桃等）,无,明确可追溯,差,,否,0,1,中,低,能源化利用,花生壳/板栗壳,差（优/良也可）,5.059000937373026,8,8,8,5
花生壳/板栗壳,严重,来源不明,优,,,1,1,中高,低,农用材料路线,花生壳/板栗壳,良/差（优也可）,10.434457141284291,5,5,8,5
豆制品/粮食发酵副产物,无,来源不明,良,,,0,1,中,低,能源化利用,花生壳/板栗壳,差（优/良也可）,4.995021708453079,8,8,8,5
中药残余废弃物,轻度,来源不明,差,,,0,0,中高,中高,食品支线,豆腐渣为主/客家黄酒酒糟为辅,优/良,1.0647245368132023,5,5,5,5
花生壳/板栗壳,轻度,明确可追溯,差,,,1,1,中高,低,农用材料路线,花生壳/板栗壳,良/差（优也可）,10.007854354236628,5,5,8,5
茶渣,严重,明确可追溯,优,是,,0,1,中,低,能源化利用,花生壳/板栗壳,差（优/良也可）,5.476966434244493,8,8,8,5
豆制品/粮食发酵副产物,轻度,来源不明,优,,,0,1,中高,低,材料主线,柑橘皮/葡萄皮/猕猴桃副产物/脐橙副产物/水晶梨副产物/提取后残渣,优/良/差,5.618289043631508,5,5,8,5
果渣（柑橘/葡萄/猕猴桃等）,无,来源不明,差,,是,0,1,高,中,材料主线,豆腐渣/客家黄酒酒糟,良/差（优也可）,6.195724738453885,5,5,5,8
果渣（柑橘/葡萄/猕猴桃等）,无,明确可追溯,优,,否,0,1,高,低到中,材料主线,五指毛桃残余/布惊根残余/黄板树根残余/其他根茎木质型中药残余,优/良/差,5.397749305824775,5,5,5,8
中药残余废弃物,轻度,明确可追溯,优,,,0,1,高,中,食品支线,柑橘皮/脐橙副产物/猕猴桃副产物/水晶梨副产物,优/良,5.7100837283151415,5,5,5,8
豆制品/粮食发酵副产物,轻度,基本可追溯,良,,,0,1,中高,低,农用材料路线,花生壳/板栗壳,良/差（优也可）,5.624232516395022,5,5,8,5
中药残余废弃物,严重,来源不明,差,,,1,1,高,低到中,材料主线,五指毛桃残余/布惊根残余/黄板树根残余/其他根茎木质型中药残余,优/良/差,9.407474666834263,5,5,5,8
果渣（柑橘/葡萄/猕猴桃等）,无,基本可追溯,优,,是,1,1,中高,低,材料主线,柑橘皮/葡萄皮/猕猴桃副产物/脐橙副产物/水晶梨副产物/提取后残渣,优/良/差,10.492938752543308,5,5,8,5
茶渣,无,基本可追溯,差,是,,1,0,中,高,食品支线,茶渣,优,3.8070506873258743,5,5,2,5
中药残余废弃物,无,明确可追溯,差,,,0,1,中高,低,农用材料路线,花生壳/板栗壳,良/差（优也可）,6.055354569611453,5,5,8,5
花生壳/板栗壳,无,明确可追溯,差,,,0,0,中高,中高,食品支线,豆腐渣为主/客家黄酒酒糟为辅,优/良,1.4584387889334458,5,5,5,5
中药残余废弃物,严重,来源不明,良,,,0,1,中,低,能源化利用,花生壳/板栗壳,差（优/良也可）,5.065697209749609,8,8,8,5
中药残余废弃物,轻度,基本可追溯,良,,,0,1,中高,低,材料主线,柑橘皮/葡萄皮/猕猴桃副产物/脐橙副产物/水晶梨副产物/提取后残渣,优/良/差,6.264394332031615,5,5,8,5
果渣（柑橘/葡萄/猕猴桃等）,轻度,明确可追溯,优,,是,0,1,中高,低,农用利用/兜底去向,豆腐渣/客家黄酒酒糟,差（优/良也可）,5.8340408157831485,8,8,8,5
花生壳/板栗壳,轻度,明确可追溯,差,,,1,0,高,中,材料主线,花生壳/板栗壳,优/良,6.671096821968867,5,5,5,8
茶渣,轻度,基本可追溯,良,是,,0,1,高,中,食品支线,柑橘皮/脐橙副产物/猕猴桃副产物/水晶梨副产物,优/良,5.984880121079941,5,5,5,8
豆制品/粮食发酵副产物,轻度,来源不明,良,,,0,1,高,低,材料主线,花生壳/板栗壳,优/良/差,6.750303352352334,5,5,8,8
中药残余废弃物,严重,基本可追溯,差,,,0,1,高,中,材料主线,豆腐渣/客家黄酒酒糟,良/差（优也可）,6.47388330236848,5,5,5,8
花生壳/板栗壳,轻度,明确可追溯,优,,,0,1,中高,中高,食品支线,豆腐渣为主/客家黄酒酒糟为辅,优/良,3.868297645645928,5,5,5,5
中药残余废弃物,轻度,来源不明,差,,,0,1,中高,低,材料主线,柑橘皮/葡萄皮/猕猴桃副产物/脐橙副产物/水晶梨副产物/提取后残渣,优/良/差,5.929217727398668,5,5,8,5
花生壳/板栗壳,严重,来源不明,优,,,0,1,中,中高,农用资源化,五指毛桃残余/布惊根残余/黄板树根残余/其他来源明确且安全性较可控的中药残余,优/良,2.591395896249341,5,5,5,5
花生壳/板栗壳,无,明确可追溯,良,,,0,1,高,中,食品支线,柑橘皮/脐橙副产物/猕猴桃副产物/水晶梨副产物,优/良,5.786286634533647,5,5,5,8
花生壳/板栗壳,严重,来源不明,良,,,0,1,高,低,材料主线,茶渣,优/良/差,6.804061617929673,5,5,8,8
茶渣,轻度,基本可追溯,差,是,,0,1,中高,低,材料主线,柑橘皮/葡萄皮/猕猴桃副产物/脐橙副产物/水晶梨副产物/提取后残渣,优/良/差,6.484499955809377,5,5,8,5
豆制品/粮食发酵副产物,无,基本可追溯,差,,,0,1,高,低,材料主线,茶渣,优/良/差,7.254697795512714,5,5,8,8
果渣（柑橘/葡萄/猕猴桃等）,轻度,基本可追溯,良,,否,0,1,高,中,材料主线,花生壳/板栗壳,优/良,5.988711116930805,5,5,5,8
果渣（柑橘/葡萄/猕猴桃等）,轻度,明确可追溯,优,,是,0,0,中,低,无害化兜底,茶渣,差,1.9320836682686382,8,8,8,5
茶渣,轻度,明确可追溯,差,否,,1,1,中,低,无害化兜底,茶渣,差,8.951609962072826,8,8,8,5
果渣（柑橘/葡萄/猕猴桃等）,轻度,明确可追溯,良,,否,0,1,高,中高,食品支线,葡萄籽,优/良,5.38711864242657,5,5,5,8
中药残余废弃物,无,明确可追溯,差,,,0,0,高,中,材料主线,花生壳/板栗壳,优/良,2.9420782140525974,5,5,5,8
中药残余废弃物,无,来源不明,差,,,0,1,高,中,材料主线,豆腐渣/客家黄酒酒糟,良/差（优也可）,6.011725939580225,5,5,5,8
花生壳/板栗壳,严重,来源不明,优,,,0,1,高,低,材料主线,茶渣,优/良/差,7.137729932208427,5,5,8,8
中药残余废弃物,轻度,来源不明,优,,,0,1,高,中,食品支线,柑橘皮/脐橙副产物/猕猴桃副产物/水晶梨副产物,优/良,6.013392259514422,5,5,5,8
茶渣,轻度,来源不明,优,否,,0,1,高,中,材料主线,花生壳/板栗壳,优/良,6.151671247091935,5,5,5,8
豆制品/粮食发酵副产物,轻度,基本可追溯,优,,,0,1,高,中高,食品支线,葡萄皮/柑橘皮/脐橙副产物/猕猴桃副产物,优/良,4.751388975626117,5,5,5,8
果渣（柑橘/葡萄/猕猴桃等）,严重,明确可追溯,良,,否,0,1,中高,低,农用利用/兜底去向,豆腐渣/客家黄酒酒糟,差（优/良也可）,6.1730684611855455,8,8,8,5
豆制品/粮食发酵副产物,严重,来源不明,差,,,1,1,中高,低,农用利用/兜底去向,豆腐渣/客家黄酒酒糟,差（优/良也可）,10.004724905120481,8,8,8,5
果渣（柑橘/葡萄/猕猴桃等）,轻度,来源不明,良,,否,0,1,高,低,材料主线,茶渣,优/良/差,6.646412893599315,5,5,8,8
茶渣,无,基本可追溯,差,否,,0,0,高,中高,食品支线,葡萄皮/柑橘皮/脐橙副产物/猕猴桃副产物,优/良,2.4972673948676842,5,5,5,8
中药残余废弃物,无,明确可追溯,良,,,0,0,中,高,食品支线,茶渣,优,0.4853736562379931,5,5,2,5
花生壳/板栗壳,轻度,来源不明,良,,,1,1,中高,低,农用材料路线,花生壳/板栗壳,良/差（优也可）,10.195836529984904,5,5,8,5
花生壳/板栗壳,严重,来源不明,差,,,1,0,高,中,材料主线,花生壳/板栗壳,优/良,7.034871083390833,5,5,5,8
茶渣,严重,明确可追溯,差,是,,0,1,中,低,能源化利用,花生壳/板栗壳,差（优/良也可）,4.935716505087029,8,8,8,5
果渣（柑橘/葡萄/猕猴桃等）,无,来源不明,良,,是,0,0,中,高,食品支线,茶渣,优,0.0,5,5,2,5
豆制品/粮食发酵副产物,严重,基本可追溯,良,,,1,1,高,低,前处理稳定化,豆腐渣/客家黄酒酒糟,优/良/差,11.346183173559247,5,5,8,8
中药残余废弃物,严重,来源不明,优,,,0,1,中高,低,材料主线,柑橘皮/葡萄皮/猕猴桃副产物/脐橙副产物/水晶梨副产物/提取后残渣,优/良/差,5.6599950442306195,5,5,8,5
果渣（柑橘/葡萄/猕猴桃等）,严重,来源不明,优,,是,0,1,高,低,材料主线,花生壳/板栗壳,优/良/差,7.097089774179258,5,5,8,8
茶渣,严重,来源不明,差,是,,1,0,中,高,食品支线,茶渣,优,0.23918683543967467,5,5,2,5
中药残余废弃物,轻度,明确可追溯,差,,,0,1,中,低,无害化兜底,柑橘皮/葡萄皮/葡萄籽/猕猴桃副产物/脐橙副产物/水晶梨副产物/混合果渣,差,5.494528089875669,8,8,8,5
花生壳/板栗壳,无,明确可追溯,优,,,0,1,高,低到中,材料主线,五指毛桃残余/布惊根残余/黄板树根残余/其他根茎木质型中药残余,优/良/差,5.023140452986129,5,5,5,8
中药残余废弃物,严重,基本可追溯,良,,,0,1,高,低,前处理稳定化,豆腐渣/客家黄酒酒糟,优/良/差,7.290926594403312,5,5,8,8
果渣（柑橘/葡萄/猕猴桃等）,无,明确可追溯,优,,否,0,1,中,中高,农用资源化,五指毛桃残余/布惊根残余/黄板树根残余/其他来源明确且安全性较可控的中药残余,优/良,3.0769983585707648,5,5,5,5
果渣（柑橘/葡萄/猕猴桃等）,严重,基本可追溯,差,,是,0,1,高,中,材料主线,豆腐渣/客家黄酒酒糟,良/差（优也可）,6.342462055414898,5,5,5,8
花生壳/板栗壳,严重,来源不明,差,,,0,1,中高,低,材料主线,柑橘皮/葡萄皮/猕猴桃副产物/脐橙副产物/水晶梨副产物/提取后残渣,优/良/差,5.700346586347057,5,5,8,5
果渣（柑橘/葡萄/猕猴桃等）,轻度,明确可追溯,差,,是,0,0,中高,中高,食品支线,豆腐渣为主/客家黄酒酒糟为辅,优/良,0.5692439611575286,5,5,5,5
茶渣,严重,明确可追溯,差,否,,0,1,中高,低,农用材料路线,花生壳/板栗壳,良/差（优也可）,5.711087855416395,5,5,8,5
果渣（柑橘/葡萄/猕猴桃等）,严重,基本可追溯,差,,是,0,1,高,中,材料主线,豆腐渣/客家黄酒酒糟,良/差（优也可）,6.290420463767075,5,5,5,8
花生壳/板栗壳,无,基本可追溯,良,,,0,1,高,低,材料主线,茶渣,优/良/差,6.58941710484137,5,5,8,8
果渣（柑橘/葡萄/猕猴桃等）,轻度,基本可追溯,差,,否,1,1,中,低,无害化兜底,柑橘皮/葡萄皮/葡萄籽/猕猴桃副产物/脐橙副产物/水晶梨副产物/混合果渣,差,8.73199616631168,8,8,8,5
中药残余废弃物,轻度,基本可追溯,差,,,0,1,中,低,能源化利用,花生壳/板栗壳,差（优/良也可）,4.7876420016230075,8,8,8,5
茶渣,轻度,明确可追溯,良,否,,0,1,中高,低,农用利用/兜底去向,豆腐渣/客家黄酒酒糟,差（优/良也可）,5.9854660375532305,8,8,8,5
果渣（柑橘/葡萄/猕猴桃等）,无,来源不明,良,,是,0,1,中高,中高,食品支线,豆腐渣为主/客家黄酒酒糟为辅,优/良,4.264133944677792,5,5,5,5
果渣（柑橘/葡萄/猕猴桃等）,无,明确可追溯,优,,否,0,1,高,中,材料主线,茶渣,优/良,6.177595216609367,5,5,5,8
茶渣,严重,来源不明,差,是,,0,0,高,中,食品支线,柑橘皮/脐橙副产物/猕猴桃副产物/水晶梨副产物,优/良,0.30714396379454756,5,5,5,8
豆制品/粮食发酵副产物,无,明确可追溯,差,,,0,1,高,低到中,材料主线,五指毛桃残余/布惊根残余/黄板树根残余/其他根茎木质型中药残余,优/良/差,5.270623495440717,5,5,5,8
中药残余废弃物,无,来源不明,差,,,0,1,高,低,材料主线,花生壳/板栗壳,优/良/差,7.258647390588866,5,5,8,8
花生壳/板栗壳,轻度,明确可追溯,优,,,0,1,高,中,材料主线,茶渣,优/良,5.801988650872811,5,5,5,8
茶渣,轻度,基本可追溯,优,否,,0,1,高,中高,食品支线,葡萄籽,优/良,5.103143986905057,5,5,5,8
茶渣,轻度,来源不明,差,否,,0,1,高,低,前处理稳定化,豆腐渣/客家黄酒酒糟,优/良/差,6.906325010899131,5,5,8,8
果渣（柑橘/葡萄/猕猴桃等）,严重,明确可追溯,良,,是,0,1,中高,低,农用利用/兜底去向,豆腐渣/客家黄酒酒糟,差（优/良也可）,6.150400041029824,8,8,8,5
果渣（柑橘/葡萄/猕猴桃等）,无,来源不明,差,,是,0,0,中,高,食品支线,茶渣,优,0.0,5,5,2,5
花生壳/板栗壳,轻度,来源不明,差,,,0,0,高,中高,食品支线,葡萄皮/柑橘皮/脐橙副产物/猕猴桃副产物,优/良,2.033389113611149,5,5,5,8
果渣（柑橘/葡萄/猕猴桃等）,严重,基本可追溯,差,,是,0,0,高,中,材料主线,花生壳/板栗壳,优/良,2.7217265505441937,5,5,5,8
果渣（柑橘/葡萄/猕猴桃等）,严重,明确可追溯,良,,是,0,1,中高,低,农用材料路线,花生壳/板栗壳,良/差（优也可）,5.6726177891486,5,5,8,5
花生壳/板栗壳,无,基本可追溯,优,,,0,1,高,中,材料主线,豆腐渣/客家黄酒酒糟,良/差（优也可）,6.065417989037945,5,5,5,8
中药残余废弃物,严重,基本可追溯,优,,,0,1,中,高,食品支线,茶渣,优,0.4387423823506942,5,5,2,5
中药残余废弃物,轻度,来源不明,优,,,0,1,高,中,材料主线,茶渣,优/良,5.794396618765827,5,5,5,8
花生壳/板栗壳,严重,来源不明,良,,,0,1,高,中高,食品支线,葡萄籽,优/良,0.3558758954579988,5,5,5,8
豆制品/粮食发酵副产物,严重,基本可追溯,差,,,0,1,高,低到中,材料主线,五指毛桃残余/布惊根残余/黄板树根残余/其他根茎木质型中药残余,优/良/差,5.420026131822756,5,5,5,8
花生壳/板栗壳,轻度,来源不明,优,,,0,1,中高,低,材料主线,柑橘皮/葡萄皮/猕猴桃副产物/脐橙副产物/水晶梨副产物/提取后残渣,优/良/差,6.044733404355531,5,5,8,5
茶渣,严重,明确可追溯,差,是,,0,0,中,中高,农用资源化,五指毛桃残余/布惊根残余/黄板树根残余/其他来源明确且安全性较可控的中药残余,优/良,0.3022112087818952,5,5,5,5
茶渣,严重,明确可追溯,良,否,,0,0,中,低,无害化兜底,柑橘皮/葡萄皮/葡萄籽/猕猴桃副产物/脐橙副产物/水晶梨副产物/混合果渣,差,2.1800092760339105,8,8,8,5
豆制品/粮食发酵副产物,轻度,来源不明,良,,,0,1,高,中,食品支线,柑橘皮/脐橙副产物/猕猴桃副产物/水晶梨副产物,优/良,6.057044218566967,5,5,5,8
花生壳/板栗壳,严重,来源不明,良,,,0,1,高,低,材料主线,茶渣,优/良/差,7.3545899978275795,5,5,8,8
豆制品/粮食发酵副产物,严重,基本可追溯,良,,,1,1,高,中,材料主线,豆腐渣/客家黄酒酒糟,良/差（优也可）,10.465029893799594,5,5,5,8
豆制品/粮食发酵副产物,严重,明确可追溯,良,,,0,1,高,中高,食品支线,葡萄皮/柑橘皮/脐橙副产物/猕猴桃副产物,优/良,0.0,5,5,5,8
豆制品/粮食发酵副产物,无,基本可追溯,优,,,1,1,中高,中高,食品支线,豆腐渣为主/客家黄酒酒糟为辅,优/良,7.8388931953149275,5,5,5,5
果渣（柑橘/葡萄/猕猴桃等）,轻度,基本可追溯,优,,否,1,1,中高,低,材料主线,柑橘皮/葡萄皮/猕猴桃副产物/脐橙副产物/水晶梨副产物/提取后残渣,优/良/差,10.03288365248871,5,5,8,5
果渣（柑橘/葡萄/猕猴桃等）,严重,基本可追溯,良,,否,0,1,中高,低,农用利用/兜底去向,豆腐渣/客家黄酒酒糟,差（优/良也可）,6.256938587577291,8,8,8,5
果渣（柑橘/葡萄/猕猴桃等）,无,来源不明,差,,是,0,1,中,低,能源化利用,花生壳/板栗壳,差（优/良也可）,5.209011235798848,8,8,8,5
花生壳/板栗壳,严重,来源不明,差,,,1,1,中高,低,农用材料路线,花生壳/板栗壳,良/差（优也可）,9.994680214564312,5,5,8,5
中药残余废弃物,无,明确可追溯,差,,,0,1,中,低,无害化兜底,茶渣,差,5.117387029248375,8,8,8,5
果渣（柑橘/葡萄/猕猴桃等）,无,基本可追溯,良,,否,0,1,高,中高,食品支线,葡萄籽,优/良,5.277441174775154,5,5,5,8
茶渣,无,来源不明,差,否,,0,0,高,中高,食品支线,葡萄皮/柑橘皮/脐橙副产物/猕猴桃副产物,优/良,2.122500036857092,5,5,5,8
茶渣,轻度,基本可追溯,优,否,,0,1,中高,低,农用材料路线,花生壳/板栗壳,良/差（优也可）,6.128384963186294,5,5,8,5
中药残余废弃物,严重,来源不明,优,,,0,1,高,中,食品支线,柑橘皮/脐橙副产物/猕猴桃副产物/水晶梨副产物,优/良,0.0,5,5,5,8
茶渣,轻度,基本可追溯,优,是,,0,0,中,低,无害化兜底,柑橘皮/葡萄皮/葡萄籽/猕猴桃副产物/脐橙副产物/水晶梨副产物/混合果渣,差,1.6667533296413548,8,8,8,5
豆制品/粮食发酵副产物,严重,基本可追溯,差,,,0,1,高,低到中,材料主线,五指毛桃残余/布惊根残余/黄板树根残余/其他根茎木质型中药残余,优/良/差,5.270395695864203,5,5,5,8
茶渣,轻度,基本可追溯,良,是,,1,1,高,中,材料主线,茶渣,优/良,9.755484736883957,5,5,5,8
花生壳/板栗壳,轻度,明确可追溯,优,,,0,1,中高,低,材料主线,柑橘皮/葡萄皮/猕猴桃副产物/脐橙副产物/水晶梨副产物/提取后残渣,优/良/差,6.225091838890072,5,5,8,5
花生壳/板栗壳,严重,来源不明,差,,,0,1,中,低,无害化兜底,柑橘皮/葡萄皮/葡萄籽/猕猴桃副产物/脐橙副产物/水晶梨副产物/混合果渣,差,5.268450028524748,8,8,8,5
花生壳/板栗壳,轻度,基本可追溯,差,,,1,0,高,中,材料主线,花生壳/板栗壳,优/良,6.739159355871598,5,5,5,8
豆制品/粮食发酵副产物,严重,明确可追溯,良,,,0,1,高,中高,食品支线,葡萄籽,优/良,0.35441189938179607,5,5,5,8
中药残余废弃物,轻度,来源不明,差,,,0,1,高,低,前处理稳定化,豆腐渣/客家黄酒酒糟,优/良/差,7.131489163802763,5,5,8,8
花生壳/板栗壳,严重,来源不明,差,,,0,1,高,低,前处理稳定化,豆腐渣/客家黄酒酒糟,优/良/差,6.539898753839271,5,5,8,8
茶渣,严重,明确可追溯,优,是,,0,1,高,低,材料主线,花生壳/板栗壳,优/良/差,6.838675850358045,5,5,8,8
豆制品/粮食发酵副产物,无,明确可追溯,良,,,1,1,高,中,材料主线,豆腐渣/客家黄酒酒糟,良/差（优也可）,10.283119452303648,5,5,5,8
中药残余废弃物,无,来源不明,差,,,0,1,高,中,材料主线,豆腐渣/客家黄酒酒糟,良/差（优也可）,5.61641611263768,5,5,5,8
果渣（柑橘/葡萄/猕猴桃等）,严重,明确可追溯,优,,是,0,1,高,低,前处理稳定化,豆腐渣/客家黄酒酒糟,优/良/差,6.996763560196503,5,5,8,8
豆制品/粮食发酵副产物,严重,基本可追溯,良,,,0,1,高,中,食品支线,柑橘皮/脐橙副产物/猕猴桃副产物/水晶梨副产物,优/良,0.3748591247211116,5,5,5,8
中药残余废弃物,无,明确可追溯,优,,,0,1,中,低,能源化利用,花生壳/板栗壳,差（优/良也可）,5.153032674726042,8,8,8,5
豆制品/粮食发酵副产物,轻度,明确可追溯,良,,,0,1,高,中高,食品支线,葡萄籽,优/良,4.766500370588325,5,5,5,8
茶渣,无,来源不明,差,否,,1,0,中,高,食品支线,茶渣,优,3.7577420313307166,5,5,2,5
豆制品/粮食发酵副产物,严重,明确可追溯,差,,,0,0,高,中,材料主线,花生壳/板栗壳,优/良,3.4936286968350765,5,5,5,8
豆制品/粮食发酵副产物,严重,明确可追溯,差,,,0,0,高,中高,食品支线,葡萄籽,优/良,0.07180632153675204,5,5,5,8
中药残余废弃物,轻度,明确可追溯,优,,,0,1,高,中,材料主线,花生壳/板栗壳,优/良,5.953428185202333,5,5,5,8
茶渣,严重,明确可追溯,良,否,,0,1,高,中高,食品支线,葡萄皮/柑橘皮/脐橙副产物/猕猴桃副产物,优/良,0.10728021724900538,5,5,5,8
花生壳/板栗壳,轻度,明确可追溯,良,,,1,1,高,中,材料主线,花生壳/板栗壳,优/良,9.99477023762875,5,5,5,8
中药残余废弃物,轻度,明确可追溯,良,,,0,1,中高,低,农用材料路线,花生壳/板栗壳,良/差（优也可）,6.1675921317981794,5,5,8,5
花生壳/板栗壳,严重,明确可追溯,差,,,0,1,高,低,前处理稳定化,豆腐渣/客家黄酒酒糟,优/良/差,7.223672921054709,5,5,8,8
花生壳/板栗壳,轻度,明确可追溯,差,,,0,0,高,中,材料主线,茶渣,优/良,3.146349158472389,5,5,5,8
中药残余废弃物,轻度,基本可追溯,差,,,0,0,中,高,食品支线,茶渣,优,0.0,5,5,2,5
中药残余废弃物,严重,来源不明,优,,,0,1,中高,中高,食品支线,豆腐渣为主/客家黄酒酒糟为辅,优/良,0.3494866806559207,5,5,5,5
果渣（柑橘/葡萄/猕猴桃等）,轻度,基本可追溯,良,,是,1,1,中高,低,材料主线,柑橘皮/葡萄皮/猕猴桃副产物/脐橙副产物/水晶梨副产物/提取后残渣,优/良/差,10.370728724671856,5,5,8,5
果渣（柑橘/葡萄/猕猴桃等）,轻度,来源不明,差,,是,1,0,高,中,食品支线,柑橘皮/脐橙副产物/猕猴桃副产物/水晶梨副产物,优/良,6.976264666196014,5,5,5,8
中药残余废弃物,严重,来源不明,良,,,0,1,中高,低,农用材料路线,花生壳/板栗壳,良/差（优也可）,6.123773931224687,5,5,8,5
豆制品/粮食发酵副产物,轻度,明确可追溯,良,,,0,1,高,中高,食品支线,葡萄皮/柑橘皮/脐橙副产物/猕猴桃副产物,优/良,5.032889832912511,5,5,5,8
果渣（柑橘/葡萄/猕猴桃等）,无,基本可追溯,良,,否,0,1,高,低,前处理稳定化,豆腐渣/客家黄酒酒糟,优/良/差,7.160360541197233,5,5,8,8
花生壳/板栗壳,严重,基本可追溯,良,,,0,0,中,低,无害化兜底,柑橘皮/葡萄皮/葡萄籽/猕猴桃副产物/脐橙副产物/水晶梨副产物/混合果渣,差,1.522656562556255,8,8,8,5
茶渣,轻度,来源不明,良,是,,0,1,高,低到中,材料主线,五指毛桃残余/布惊根残余/黄板树根残余/其他根茎木质型中药残余,优/良/差,4.852443813810553,5,5,5,8
果渣（柑橘/葡萄/猕猴桃等）,轻度,基本可追溯,良,,是,0,1,中高,低,农用材料路线,花生壳/板栗壳,良/差（优也可）,5.95187486946707,5,5,8,5
花生壳/板栗壳,严重,基本可追溯,优,,,0,1,高,低到中,材料主线,五指毛桃残余/布惊根残余/黄板树根残余/其他根茎木质型中药残余,优/良/差,5.3790553013243825,5,5,5,8
中药残余废弃物,轻度,基本可追溯,差,,,0,1,中高,低,农用利用/兜底去向,豆腐渣/客家黄酒酒糟,差（优/良也可）,6.103138102737321,8,8,8,5
花生壳/板栗壳,轻度,明确可追溯,良,,,0,1,高,中,食品支线,柑橘皮/脐橙副产物/猕猴桃副产物/水晶梨副产物,优/良,5.778119280968562,5,5,5,8
茶渣,轻度,明确可追溯,差,是,,0,1,中高,低,农用利用/兜底去向,豆腐渣/客家黄酒酒糟,差（优/良也可）,6.203772245786896,8,8,8,5
豆制品/粮食发酵副产物,轻度,基本可追溯,差,,,0,0,高,中,食品支线,柑橘皮/脐橙副产物/猕猴桃副产物/水晶梨副产物,优/良,3.3738150898197317,5,5,5,8
果渣（柑橘/葡萄/猕猴桃等）,严重,基本可追溯,良,,否,0,0,中,低,无害化兜底,茶渣,差,2.396307983389151,8,8,8,5
茶渣,严重,来源不明,良,否,,0,1,高,中,食品支线,柑橘皮/脐橙副产物/猕猴桃副产物/水晶梨副产物,优/良,0.13348678207235287,5,5,5,8
茶渣,无,基本可追溯,良,是,,0,1,中高,低,农用材料路线,花生壳/板栗壳,良/差（优也可）,5.5888777858303,5,5,8,5
中药残余废弃物,无,明确可追溯,优,,,0,1,高,中,食品支线,柑橘皮/脐橙副产物/猕猴桃副产物/水晶梨副产物,优/良,6.416964501668297,5,5,5,8
茶渣,轻度,来源不明,优,是,,0,1,中,低,能源化利用,花生壳/板栗壳,差（优/良也可）,5.115927680254259,8,8,8,5
豆制品/粮食发酵副产物,无,明确可追溯,优,,,0,1,中,高,食品支线,茶渣,优,3.2191553393068517,5,5,2,5
果渣（柑橘/葡萄/猕猴桃等）,无,来源不明,优,,否,1,1,高,中高,食品支线,葡萄皮/柑橘皮/脐橙副产物/猕猴桃副产物,优/良,9.202375734903043,5,5,5,8
豆制品/粮食发酵副产物,轻度,来源不明,优,,,0,1,中,低,能源化利用,花生壳/板栗壳,差（优/良也可）,5.380989682811937,8,8,8,5
花生壳/板栗壳,严重,明确可追溯,差,,,1,1,中高,低,农用材料路线,花生壳/板栗壳,良/差（优也可）,9.932680862937556,5,5,8,5
果渣（柑橘/葡萄/猕猴桃等）,严重,基本可追溯,良,,是,0,0,中,低,无害化兜底,茶渣,差,2.1451425607989836,8,8,8,5
花生壳/板栗壳,严重,来源不明,优,,,0,1,高,中,材料主线,豆腐渣/客家黄酒酒糟,良/差（优也可）,6.03295133326022,5,5,5,8
豆制品/粮食发酵副产物,严重,明确可追溯,优,,,0,1,中,高,食品支线,茶渣,优,0.0,5,5,2,5
花生壳/板栗壳,轻度,基本可追溯,良,,,0,1,高,低,材料主线,茶渣,优/良/差,6.867410662695462,5,5,8,8
果渣（柑橘/葡萄/猕猴桃等）,轻度,来源不明,优,,是,0,1,高,中,材料主线,豆腐渣/客家黄酒酒糟,良/差（优也可）,5.524793787444857,5,5,5,8
豆制品/粮食发酵副产物,严重,基本可追溯,良,,,0,1,高,中,材料主线,花生壳/板栗壳,优/良,5.680576692708723,5,5,5,8
茶渣,无,明确可追溯,优,否,,1,1,中,高,食品支线,茶渣,优,7.407463376454903,5,5,2,5
花生壳/板栗壳,严重,来源不明,差,,,0,1,高,中,材料主线,豆腐渣/客家黄酒酒糟,良/差（优也可）,6.422110969191081,5,5,5,8
茶渣,轻度,明确可追溯,差,是,,0,1,中高,低,农用材料路线,花生壳/板栗壳,良/差（优也可）,6.183923241425906,5,5,8,5
花生壳/板栗壳,无,基本可追溯,良,,,0,1,高,低到中,材料主线,五指毛桃残余/布惊根残余/黄板树根残余/其他根茎木质型中药残余,优/良/差,4.585737042702936,5,5,5,8
茶渣,严重,明确可追溯,良,是,,0,1,高,中,食品支线,柑橘皮/脐橙副产物/猕猴桃副产物/水晶梨副产物,优/良,0.44888779659830114,5,5,5,8
花生壳/板栗壳,无,明确可追溯,差,,,0,0,高,中,食品支线,柑橘皮/脐橙副产物/猕猴桃副产物/水晶梨副产物,优/良,3.152728239938399,5,5,5,8
花生壳/板栗壳,轻度,基本可追溯,良,,,0,1,高,低,前处理稳定化,豆腐渣/客家黄酒酒糟,优/良/差,7.443336012066032,5,5,8,8
中药残余废弃物,无,来源不明,良,,,0,1,高,中,食品支线,柑橘皮/脐橙副产物/猕猴桃副产物/水晶梨副产物,优/良,6.4681206557955075,5,5,5,8
茶渣,轻度,明确可追溯,良,否,,0,1,高,中高,食品支线,葡萄籽,优/良,4.86746985226231,5,5,5,8
茶渣,无,基本可追溯,良,否,,0,1,高,中高,食品支线,葡萄籽,优/良,5.075144344352022,5,5,5,8
花生壳/板栗壳,轻度,来源不明,差,,,1,1,中,低,能源化利用,花生壳/板栗壳,差（优/良也可）,8.634854407596587,8,8,8,5
果渣（柑橘/葡萄/猕猴桃等）,轻度,来源不明,差,,是,0,1,中高,低,农用利用/兜底去向,豆腐渣/客家黄酒酒糟,差（优/良也可）,6.342360412601366,8,8,8,5
花生壳/板栗壳,轻度,明确可追溯,良,,,0,1,中高,低,农用利用/兜底去向,豆腐渣/客家黄酒酒糟,差（优/良也可）,5.808829843469563,8,8,8,5
果渣（柑橘/葡萄/猕猴桃等）,严重,明确可追溯,良,,是,0,1,高,中高,食品支线,葡萄籽,优/良,0.42167422782555286,5,5,5,8
豆制品/粮食发酵副产物,轻度,来源不明,差,,,1,1,中高,低,农用利用/兜底去向,豆腐渣/客家黄酒酒糟,差（优/良也可）,9.728263112811408,8,8,8,5
中药残余废弃物,严重,来源不明,差,,,0,0,高,中,食品支线,柑橘皮/脐橙副产物/猕猴桃副产物/水晶梨副产物,优/良,0.2315836872066689,5,5,5,8
果渣（柑橘/葡萄/猕猴桃等）,严重,基本可追溯,良,,否,1,1,中高,低,材料主线,柑橘皮/葡萄皮/猕猴桃副产物/脐橙副产物/水晶梨副产物/提取后残渣,优/良/差,10.452130069245872,5,5,8,5
中药残余废弃物,轻度,基本可追溯,优,,,0,0,中,低,无害化兜底,柑橘皮/葡萄皮/葡萄籽/猕猴桃副产物/脐橙副产物/水晶梨副产物/混合果渣,差,1.7173263907476257,8,8,8,5
花生壳/板栗壳,轻度,基本可追溯,差,,,0,0,中,高,食品支线,茶渣,优,0.0,5,5,2,5
豆制品/粮食发酵副产物,轻度,来源不明,差,,,0,1,中,低,无害化兜底,柑橘皮/葡萄皮/葡萄籽/猕猴桃副产物/脐橙副产物/水晶梨副产物/混合果渣,差,4.507622094072611,8,8,8,5
中药残余废弃物,轻度,来源不明,良,,,0,1,高,低,前处理稳定化,豆腐渣/客家黄酒酒糟,优/良/差,7.017436354505909,5,5,8,8
花生壳/板栗壳,无,明确可追溯,良,,,1,1,高,中,材料主线,花生壳/板栗壳,优/良,10.110494679980782,5,5,5,8
果渣（柑橘/葡萄/猕猴桃等）,无,来源不明,良,,否,1,1,中高,低,材料主线,柑橘皮/葡萄皮/猕猴桃副产物/脐橙副产物/水晶梨副产物/提取后残渣,优/良/差,10.322264853263059,5,5,8,5
果渣（柑橘/葡萄/猕猴桃等）,严重,基本可追溯,差,,是,0,0,高,中,材料主线,花生壳/板栗壳,优/良,3.486936677574721,5,5,5,8
中药残余废弃物,轻度,基本可追溯,差,,,1,1,高,低到中,材料主线,五指毛桃残余/布惊根残余/黄板树根残余/其他根茎木质型中药残余,优/良/差,9.062301240341318,5,5,5,8
果渣（柑橘/葡萄/猕猴桃等）,轻度,明确可追溯,优,,是,0,1,高,中高,食品支线,葡萄籽,优/良,4.910161562580941,5,5,5,8
果渣（柑橘/葡萄/猕猴桃等）,轻度,基本可追溯,优,,否,0,1,高,中,材料主线,豆腐渣/客家黄酒酒糟,良/差（优也可）,5.504010016149307,5,5,5,8
豆制品/粮食发酵副产物,严重,来源不明,优,,,1,1,中高,中高,食品支线,豆腐渣为主/客家黄酒酒糟为辅,优/良,0.0,5,5,5,5
花生壳/板栗壳,严重,基本可追溯,差,,,0,1,高,低到中,材料主线,五指毛桃残余/布惊根残余/黄板树根残余/其他根茎木质型中药残余,优/良/差,4.962754963329068,5,5,5,8
中药残余废弃物,轻度,来源不明,差,,,0,0,高,中高,食品支线,葡萄籽,优/良,2.1291826458334913,5,5,5,8
果渣（柑橘/葡萄/猕猴桃等）,轻度,明确可追溯,优,,是,0,1,中,低,能源化利用,花生壳/板栗壳,差（优/良也可）,5.122000596269897,8,8,8,5
花生壳/板栗壳,无,来源不明,差,,,1,1,中,低,能源化利用,花生壳/板栗壳,差（优/良也可）,8.546323759886862,8,8,8,5
花生壳/板栗壳,严重,基本可追溯,良,,,0,1,中高,低,农用利用/兜底去向,豆腐渣/客家黄酒酒糟,差（优/良也可）,5.627063763026121,8,8,8,5
茶渣,严重,基本可追溯,良,是,,0,1,中,中高,农用资源化,五指毛桃残余/布惊根残余/黄板树根残余/其他来源明确且安全性较可控的中药残余,优/良,3.199093336039793,5,5,5,5
果渣（柑橘/葡萄/猕猴桃等）,无,基本可追溯,差,,否,0,0,高,中,材料主线,茶渣,优/良,3.233766890092385,5,5,5,8
茶渣,严重,来源不明,差,否,,0,1,中高,低,农用利用/兜底去向,豆腐渣/客家黄酒酒糟,差（优/良也可）,5.7756071404451035,8,8,8,5
豆制品/粮食发酵副产物,无,明确可追溯,优,,,0,1,高,中高,食品支线,葡萄皮/柑橘皮/脐橙副产物/猕猴桃副产物,优/良,4.861185764709642,5,5,5,8
果渣（柑橘/葡萄/猕猴桃等）,严重,基本可追溯,差,,是,0,1,高,低,材料主线,茶渣,优/良/差,7.030014794799466,5,5,8,8
花生壳/板栗壳,轻度,明确可追溯,优,,,0,0,中,低,无害化兜底,茶渣,差,2.347165281329258,8,8,8,5
茶渣,轻度,来源不明,差,否,,1,0,高,中,材料主线,茶渣,优/良,7.420446006458704,5,5,5,8
茶渣,轻度,明确可追溯,差,是,,0,0,中高,中高,食品支线,豆腐渣为主/客家黄酒酒糟为辅,优/良,1.3784819380184117,5,5,5,5
茶渣,严重,基本可追溯,优,否,,0,0,中,低,无害化兜底,柑橘皮/葡萄皮/葡萄籽/猕猴桃副产物/脐橙副产物/水晶梨副产物/混合果渣,差,1.743213440277028,8,8,8,5
茶渣,轻度,基本可追溯,差,否,,1,1,中,低,无害化兜底,茶渣,差,9.114422768185982,8,8,8,5
中药残余废弃物,无,明确可追溯,差,,,0,1,中,低,能源化利用,花生壳/板栗壳,差（优/良也可）,5.272588479062056,8,8,8,5
豆制品/粮食发酵副产物,轻度,基本可追溯,优,,,0,0,中,低,无害化兜底,茶渣,差,1.8031687825410743,8,8,8,5
豆制品/粮食发酵副产物,轻度,来源不明,良,,,1,1,中高,低,农用利用/兜底去向,豆腐渣/客家黄酒酒糟,差（优/良也可）,10.372848063714422,8,8,8,5
豆制品/粮食发酵副产物,严重,来源不明,良,,,0,1,高,中,材料主线,花生壳/板栗壳,优/良,6.128536059806145,5,5,5,8
中药残余废弃物,轻度,来源不明,差,,,0,0,高,中高,食品支线,葡萄皮/柑橘皮/脐橙副产物/猕猴桃副产物,优/良,1.73328867959004,5,5,5,8
茶渣,无,基本可追溯,优,否,,0,1,高,中,食品支线,柑橘皮/脐橙副产物/猕猴桃副产物/水晶梨副产物,优/良,5.936393026660542,5,5,5,8
中药残余废弃物,轻度,明确可追溯,良,,,0,0,中,低,无害化兜底,柑橘皮/葡萄皮/葡萄籽/猕猴桃副产物/脐橙副产物/水晶梨副产物/混合果渣,差,2.040362575299227,8,8,8,5
果渣（柑橘/葡萄/猕猴桃等）,无,基本可追溯,优,,否,0,1,高,低,材料主线,茶渣,优/良/差,7.190351526634959,5,5,8,8
茶渣,轻度,明确可追溯,良,是,,0,1,高,低,前处理稳定化,豆腐渣/客家黄酒酒糟,优/良/差,6.556870317560072,5,5,8,8
中药残余废弃物,轻度,基本可追溯,差,,,0,1,高,低,材料主线,花生壳/板栗壳,优/良/差,6.947631156500009,5,5,8,8
茶渣,严重,来源不明,优,是,,1,1,高,中,材料主线,茶渣,优/良,9.677509589212164,5,5,5,8
豆制品/粮食发酵副产物,无,明确可追溯,差,,,0,0,高,中高,食品支线,葡萄皮/柑橘皮/脐橙副产物/猕猴桃副产物,优/良,1.741713577837055,5,5,5,8
豆制品/粮食发酵副产物,无,基本可追溯,差,,,0,1,高,低到中,材料主线,五指毛桃残余/布惊根残余/黄板树根残余/其他根茎木质型中药残余,优/良/差,5.314038878881446,5,5,5,8
茶渣,无,明确可追溯,优,否,,0,1,中高,低,农用利用/兜底去向,豆腐渣/客家黄酒酒糟,差（优/良也可）,5.919508233550175,8,8,8,5
豆制品/粮食发酵副产物,严重,基本可追溯,良,,,0,0,中,低,无害化兜底,茶渣,差,1.9531108302619116,8,8,8,5
豆制品/粮食发酵副产物,严重,基本可追溯,良,,,0,1,中高,低,材料主线,柑橘皮/葡萄皮/猕猴桃副产物/脐橙副产物/水晶梨副产物/提取后残渣,优/良/差,5.964808202787249,5,5,8,5
花生壳/板栗壳,无,来源不明,优,,,1,1,中高,低,农用材料路线,花生壳/板栗壳,良/差（优也可）,9.566409443793146,5,5,8,5
豆制品/粮食发酵副产物,严重,基本可追溯,优,,,0,1,高,中,材料主线,茶渣,优/良,5.681943304297752,5,5,5,8
豆制品/粮食发酵副产物,无,来源不明,优,,,1,1,高,中,材料主线,豆腐渣/客家黄酒酒糟,良/差（优也可）,9.83290784847545,5,5,5,8
豆制品/粮食发酵副产物,严重,来源不明,良,,,1,1,中高,低,农用利用/兜底去向,豆腐渣/客家黄酒酒糟,差（优/良也可）,9.774313241209923,8,8,8,5
花生壳/板栗壳,无,基本可追溯,优,,,1,1,中,低,能源化利用,花生壳/板栗壳,差（优/良也可）,9.433633698046174,8,8,8,5
花生壳/板栗壳,轻度,基本可追溯,优,,,1,1,中,低,能源化利用,花生壳/板栗壳,差（优/良也可）,8.633413411578289,8,8,8,5
豆制品/粮食发酵副产物,严重,基本可追溯,良,,,0,1,高,中,材料主线,茶渣,优/良,6.493820263027916,5,5,5,8
果渣（柑橘/葡萄/猕猴桃等）,无,来源不明,优,,否,1,1,高,中高,食品支线,葡萄皮/柑橘皮/脐橙副产物/猕猴桃副产物,优/良,9.144661858180696,5,5,5,8
豆制品/粮食发酵副产物,无,来源不明,良,,,0,1,高,中高,食品支线,葡萄籽,优/良,4.798809390505275,5,5,5,8
中药残余废弃物,轻度,来源不明,差,,,0,0,高,中高,食品支线,葡萄皮/柑橘皮/脐橙副产物/猕猴桃副产物,优/良,1.813065435243001,5,5,5,8
花生壳/板栗壳,无,基本可追溯,良,,,0,1,高,低,材料主线,茶渣,优/良/差,7.004632761559682,5,5,8,8
茶渣,无,基本可追溯,差,否,,0,1,中高,低,农用材料路线,花生壳/板栗壳,良/差（优也可）,5.714614474899415,5,5,8,5
茶渣,轻度,来源不明,良,否,,0,1,高,中高,食品支线,葡萄籽,优/良,5.242837332258362,5,5,5,8
果渣（柑橘/葡萄/猕猴桃等）,无,来源不明,差,,否,0,1,中高,低,农用材料路线,花生壳/板栗壳,良/差（优也可）,5.533285402623085,5,5,8,5
茶渣,无,基本可追溯,差,否,,0,1,高,低,前处理稳定化,豆腐渣/客家黄酒酒糟,优/良/差,6.507437649453214,5,5,8,8
茶渣,无,明确可追溯,优,是,,0,1,高,中高,食品支线,葡萄皮/柑橘皮/脐橙副产物/猕猴桃副产物,优/良,5.431677612328565,5,5,5,8
中药残余废弃物,无,来源不明,良,,,0,1,中高,低,材料主线,柑橘皮/葡萄皮/猕猴桃副产物/脐橙副产物/水晶梨副产物/提取后残渣,优/良/差,5.6930913372605705,5,5,8,5
中药残余废弃物,轻度,来源不明,优,,,0,1,中高,低,农用材料路线,花生壳/板栗壳,良/差（优也可）,6.471128459361692,5,5,8,5
豆制品/粮食发酵副产物,无,基本可追溯,良,,,0,1,高,中,材料主线,花生壳/板栗壳,优/良,6.1239564067556005,5,5,5,8
茶渣,无,来源不明,良,否,,0,0,中,低,无害化兜底,柑橘皮/葡萄皮/葡萄籽/猕猴桃副产物/脐橙副产物/水晶梨副产物/混合果渣,差,2.422370320506083,8,8,8,5
果渣（柑橘/葡萄/猕猴桃等）,无,明确可追溯,良,,是,0,1,中高,中高,食品支线,豆腐渣为主/客家黄酒酒糟为辅,优/良,3.5952588440982396,5,5,5,5
花生壳/板栗壳,严重,来源不明,良,,,0,1,高,中高,食品支线,葡萄皮/柑橘皮/脐橙副产物/猕猴桃副产物,优/良,0.0,5,5,5,8
果渣（柑橘/葡萄/猕猴桃等）,轻度,基本可追溯,差,,否,0,1,中,低,无害化兜底,茶渣,差,4.696084824288898,8,8,8,5
茶渣,轻度,来源不明,差,是,,1,0,高,中,材料主线,茶渣,优/良,7.119571418690729,5,5,5,8
茶渣,无,来源不明,优,是,,0,1,高,低到中,材料主线,五指毛桃残余/布惊根残余/黄板树根残余/其他根茎木质型中药残余,优/良/差,4.659024817394457,5,5,5,8
茶渣,严重,明确可追溯,差,是,,0,1,高,低,材料主线,花生壳/板栗壳,优/良/差,7.443784934615714,5,5,8,8
豆制品/粮食发酵副产物,无,明确可追溯,优,,,0,1,中高,低,材料主线,柑橘皮/葡萄皮/猕猴桃副产物/脐橙副产物/水晶梨副产物/提取后残渣,优/良/差,6.076755752633168,5,5,8,5
茶渣,轻度,来源不明,良,否,,0,1,高,中高,食品支线,葡萄籽,优/良,4.7663883543013865,5,5,5,8
果渣（柑橘/葡萄/猕猴桃等）,轻度,基本可追溯,良,,否,0,0,中,低,无害化兜底,茶渣,差,1.9501554591768053,8,8,8,5
中药残余废弃物,无,明确可追溯,优,,,0,1,高,中,材料主线,花生壳/板栗壳,优/良,5.576979123042971,5,5,5,8
豆制品/粮食发酵副产物,轻度,来源不明,差,,,1,1,高,中,材料主线,豆腐渣/客家黄酒酒糟,良/差（优也可）,10.335696134307907,5,5,5,8
花生壳/板栗壳,严重,基本可追溯,良,,,0,1,高,低,前处理稳定化,豆腐渣/客家黄酒酒糟,优/良/差,6.635084981903606,5,5,8,8
花生壳/板栗壳,严重,明确可追溯,优,,,0,1,中高,低,材料主线,柑橘皮/葡萄皮/猕猴桃副产物/脐橙副产物/水晶梨副产物/提取后残渣,优/良/差,6.1658983099777815,5,5,8,5
豆制品/粮食发酵副产物,严重,来源不明,优,,,1,1,高,低,前处理稳定化,豆腐渣/客家黄酒酒糟,优/良/差,11.338634094614553,5,5,8,8
豆制品/粮食发酵副产物,无,基本可追溯,差,,,1,1,中高,低,农用利用/兜底去向,豆腐渣/客家黄酒酒糟,差（优/良也可）,9.957029513320874,8,8,8,5
茶渣,轻度,基本可追溯,差,是,,0,0,高,中,食品支线,柑橘皮/脐橙副产物/猕猴桃副产物/水晶梨副产物,优/良,2.706119560824014,5,5,5,8
中药残余废弃物,轻度,基本可追溯,优,,,0,1,高,中,食品支线,柑橘皮/脐橙副产物/猕猴桃副产物/水晶梨副产物,优/良,6.043854175968606,5,5,5,8
花生壳/板栗壳,轻度,基本可追溯,优,,,0,1,高,中,材料主线,豆腐渣/客家黄酒酒糟,良/差（优也可）,5.931590980140834,5,5,5,8
茶渣,严重,明确可追溯,良,是,,0,1,高,中,材料主线,花生壳/板栗壳,优/良,5.994718541330898,5,5,5,8
果渣（柑橘/葡萄/猕猴桃等）,轻度,来源不明,差,,否,1,0,高,中,食品支线,柑橘皮/脐橙副产物/猕猴桃副产物/水晶梨副产物,优/良,7.031045920000044,5,5,5,8
豆制品/粮食发酵副产物,严重,明确可追溯,良,,,0,1,中高,低,农用材料路线,花生壳/板栗壳,良/差（优也可）,5.752818240581985,5,5,8,5
豆制品/粮食发酵副产物,无,基本可追溯,良,,,0,0,中,低,无害化兜底,茶渣,差,1.5604890690313074,8,8,8,5
茶渣,无,基本可追溯,差,否,,0,1,高,低到中,材料主线,五指毛桃残余/布惊根残余/黄板树根残余/其他根茎木质型中药残余,优/良/差,4.759236433500755,5,5,5,8
茶渣,无,来源不明,优,是,,0,1,高,中高,食品支线,葡萄皮/柑橘皮/脐橙副产物/猕猴桃副产物,优/良,4.942682148790189,5,5,5,8
茶渣,轻度,来源不明,良,是,,0,1,中,低,能源化利用,花生壳/板栗壳,差（优/良也可）,4.757621675911924,8,8,8,5
中药残余废弃物,无,来源不明,良,,,0,1,高,中,材料主线,豆腐渣/客家黄酒酒糟,良/差（优也可）,5.557172845163076,5,5,5,8
花生壳/板栗壳,无,来源不明,优,,,0,0,中,低,无害化兜底,柑橘皮/葡萄皮/葡萄籽/猕猴桃副产物/脐橙副产物/水晶梨副产物/混合果渣,差,2.0350599646064236,8,8,8,5
花生壳/板栗壳,严重,基本可追溯,良,,,0,1,高,中,材料主线,茶渣,优/良,6.3289564681520085,5,5,5,8
中药残余废弃物,无,来源不明,差,,,0,0,高,中,材料主线,花生壳/板栗壳,优/良,3.335818295212033,5,5,5,8
豆制品/粮食发酵副产物,严重,来源不明,差,,,0,1,高,低,材料主线,花生壳/板栗壳,优/良/差,6.731715459576845,5,5,8,8
豆制品/粮食发酵副产物,无,明确可追溯,良,,,0,0,中,高,食品支线,茶渣,优,0.0,5,5,2,5
中药残余废弃物,轻度,基本可追溯,优,,,0,1,高,中,材料主线,花生壳/板栗壳,优/良,5.762129437368719,5,5,5,8
中药残余废弃物,轻度,基本可追溯,差,,,0,0,高,中高,食品支线,葡萄皮/柑橘皮/脐橙副产物/猕猴桃副产物,优/良,1.9484250499842588,5,5,5,8
花生壳/板栗壳,严重,基本可追溯,优,,,1,1,中,低,能源化利用,花生壳/板栗壳,差（优/良也可）,9.175122696187639,8,8,8,5
茶渣,严重,来源不明,良,否,,0,1,高,低,前处理稳定化,豆腐渣/客家黄酒酒糟,优/良/差,6.56870597383338,5,5,8,8
豆制品/粮食发酵副产物,轻度,基本可追溯,优,,,0,1,中,低,能源化利用,花生壳/板栗壳,差（优/良也可）,5.193034745877039,8,8,8,5
果渣（柑橘/葡萄/猕猴桃等）,轻度,来源不明,良,,是,0,1,高,中,材料主线,茶渣,优/良,5.735618457360375,5,5,5,8
果渣（柑橘/葡萄/猕猴桃等）,轻度,基本可追溯,良,,否,0,1,高,中,材料主线,豆腐渣/客家黄酒酒糟,良/差（优也可）,5.618717809223487,5,5,5,8
茶渣,轻度,明确可追溯,良,否,,0,1,中高,低,农用材料路线,花生壳/板栗壳,良/差（优也可）,5.736917865649582,5,5,8,5
茶渣,严重,明确可追溯,良,是,,1,0,中,高,食品支线,茶渣,优,0.04956132552809889,5,5,2,5
果渣（柑橘/葡萄/猕猴桃等）,无,基本可追溯,良,,是,0,1,高,低,材料主线,花生壳/板栗壳,优/良/差,7.3388879329306995,5,5,8,8
花生壳/板栗壳,无,来源不明,良,,,0,1,中高,低,材料主线,柑橘皮/葡萄皮/猕猴桃副产物/脐橙副产物/水晶梨副产物/提取后残渣,优/良/差,5.500989235996953,5,5,8,5
果渣（柑橘/葡萄/猕猴桃等）,无,基本可追溯,差,,是,0,0,高,中高,食品支线,葡萄籽,优/良,1.7863519328100839,5,5,5,8
花生壳/板栗壳,严重,来源不明,优,,,0,1,高,低,前处理稳定化,豆腐渣/客家黄酒酒糟,优/良/差,7.40567412961823,5,5,8,8
茶渣,轻度,基本可追溯,差,否,,0,1,中高,低,材料主线,柑橘皮/葡萄皮/猕猴桃副产物/脐橙副产物/水晶梨副产物/提取后残渣,优/良/差,5.712901321774883,5,5,8,5
茶渣,严重,明确可追溯,差,是,,0,0,高,中高,食品支线,葡萄籽,优/良,0.17018445499193746,5,5,5,8
中药残余废弃物,无,来源不明,良,,,0,1,高,低,材料主线,花生壳/板栗壳,优/良/差,6.6701922710148915,5,5,8,8
中药残余废弃物,严重,基本可追溯,差,,,0,1,中高,低,农用材料路线,花生壳/板栗壳,良/差（优也可）,5.7691413740242865,5,5,8,5
果渣（柑橘/葡萄/猕猴桃等）,严重,来源不明,优,,是,0,1,高,低,材料主线,花生壳/板栗壳,优/良/差,7.271874800260528,5,5,8,8
果渣（柑橘/葡萄/猕猴桃等）,严重,来源不明,优,,是,0,1,高,低,材料主线,茶渣,优/良/差,6.958512297685031,5,5,8,8
中药残余废弃物,无,来源不明,良,,,0,1,高,低,材料主线,茶渣,优/良/差,6.591215866936256,5,5,8,8
花生壳/板栗壳,无,明确可追溯,优,,,0,1,中高,低,农用利用/兜底去向,豆腐渣/客家黄酒酒糟,差（优/良也可）,6.265626074872231,8,8,8,5
中药残余废弃物,轻度,基本可追溯,优,,,0,0,中,低,无害化兜底,茶渣,差,2.1926016461169837,8,8,8,5
茶渣,无,明确可追溯,差,是,,0,0,高,中高,食品支线,葡萄籽,优/良,1.7562360992747572,5,5,5,8
果渣（柑橘/葡萄/猕猴桃等）,严重,明确可追溯,优,,否,1,1,中高,低,材料主线,柑橘皮/葡萄皮/猕猴桃副产物/脐橙副产物/水晶梨副产物/提取后残渣,优/良/差,9.602342553321778,5,5,8,5
中药残余废弃物,严重,明确可追溯,良,,,0,0,中,低,无害化兜底,茶渣,差,1.979565930496702,8,8,8,5
豆制品/粮食发酵副产物,严重,明确可追溯,优,,,0,1,中,高,食品支线,茶渣,优,0.35311240523582055,5,5,2,5
花生壳/板栗壳,严重,明确可追溯,差,,,0,0,中高,中高,食品支线,豆腐渣为主/客家黄酒酒糟为辅,优/良,0.10667664019972956,5,5,5,5
花生壳/板栗壳,严重,明确可追溯,优,,,0,1,中高,中高,食品支线,豆腐渣为主/客家黄酒酒糟为辅,优/良,0.0,5,5,5,5
果渣（柑橘/葡萄/猕猴桃等）,严重,来源不明,优,,是,1,1,中高,低,材料主线,柑橘皮/葡萄皮/猕猴桃副产物/脐橙副产物/水晶梨副产物/提取后残渣,优/良/差,10.232493844806005,5,5,8,5
果渣（柑橘/葡萄/猕猴桃等）,无,明确可追溯,优,,否,0,1,高,中,材料主线,茶渣,优/良,5.6528933497322145,5,5,5,8
中药残余废弃物,无,来源不明,良,,,0,0,中,高,食品支线,茶渣,优,0.3371919562662967,5,5,2,5
花生壳/板栗壳,轻度,基本可追溯,良,,,0,1,高,中,材料主线,豆腐渣/客家黄酒酒糟,良/差（优也可）,6.351449185208288,5,5,5,8
花生壳/板栗壳,严重,明确可追溯,良,,,0,1,中高,低,材料主线,柑橘皮/葡萄皮/猕猴桃副产物/脐橙副产物/水晶梨副产物/提取后残渣,优/良/差,5.551793378550275,5,5,8,5
豆制品/粮食发酵副产物,轻度,来源不明,优,,,1,1,中高,中高,食品支线,豆腐渣为主/客家黄酒酒糟为辅,优/良,7.799764464662159,5,5,5,5
果渣（柑橘/葡萄/猕猴桃等）,严重,明确可追溯,优,,否,0,1,中高,低,农用材料路线,花生壳/板栗壳,良/差（优也可）,5.9383948406233875,5,5,8,5
花生壳/板栗壳,无,来源不明,优,,,0,1,中,中高,农用资源化,五指毛桃残余/布惊根残余/黄板树根残余/其他来源明确且安全性较可控的中药残余,优/良,3.168301429465475,5,5,5,5
豆制品/粮食发酵副产物,轻度,明确可追溯,差,,,0,1,高,低,材料主线,花生壳/板栗壳,优/良/差,7.3251125420263135,5,5,8,8
茶渣,轻度,明确可追溯,差,是,,0,0,高,中高,食品支线,葡萄皮/柑橘皮/脐橙副产物/猕猴桃副产物,优/良,2.10607400422934,5,5,5,8
果渣（柑橘/葡萄/猕猴桃等）,无,明确可追溯,良,,是,0,1,高,低,材料主线,花生壳/板栗壳,优/良/差,6.776265872938553,5,5,8,8
茶渣,轻度,基本可追溯,良,是,,0,1,中高,低,农用利用/兜底去向,豆腐渣/客家黄酒酒糟,差（优/良也可）,5.97666733094629,8,8,8,5
茶渣,严重,明确可追溯,差,否,,1,0,高,中,材料主线,茶渣,优/良,7.015144771233744,5,5,5,8
花生壳/板栗壳,严重,明确可追溯,差,,,0,1,中,低,无害化兜底,柑橘皮/葡萄皮/葡萄籽/猕猴桃副产物/脐橙副产物/水晶梨副产物/混合果渣,差,4.846632366200301,8,8,8,5
豆制品/粮食发酵副产物,严重,来源不明,良,,,0,1,中高,低,农用材料路线,花生壳/板栗壳,良/差（优也可）,6.2677689821048554,5,5,8,5
豆制品/粮食发酵副产物,严重,明确可追溯,差,,,0,0,中,高,食品支线,茶渣,优,0.0,5,5,2,5
花生壳/板栗壳,无,来源不明,优,,,1,1,中高,低,农用材料路线,花生壳/板栗壳,良/差（优也可）,9.753391976358312,5,5,8,5
花生壳/板栗壳,无,明确可追溯,差,,,0,1,中高,低,材料主线,柑橘皮/葡萄皮/猕猴桃副产物/脐橙副产物/水晶梨副产物/提取后残渣,优/良/差,6.086973910742906,5,5,8,5
中药残余废弃物,严重,基本可追溯,差,,,0,1,高,低,材料主线,茶渣,优/良/差,6.560537725908352,5,5,8,8
花生壳/板栗壳,严重,基本可追溯,良,,,0,1,高,中高,食品支线,葡萄籽,优/良,0.3031418542323374,5,5,5,8
中药残余废弃物,严重,明确可追溯,良,,,0,0,中,低,无害化兜底,茶渣,差,2.05425500103659,8,8,8,5
果渣（柑橘/葡萄/猕猴桃等）,无,基本可追溯,优,,否,0,1,高,低到中,材料主线,五指毛桃残余/布惊根残余/黄板树根残余/其他根茎木质型中药残余,优/良/差,5.079290386816711,5,5,5,8
茶渣,轻度,来源不明,优,是,,1,1,高,低,材料主线,茶渣,优/良/差,11.163849481008366,5,5,8,8
豆制品/粮食发酵副产物,无,来源不明,良,,,0,0,中,低,无害化兜底,柑橘皮/葡萄皮/葡萄籽/猕猴桃副产物/脐橙副产物/水晶梨副产物/混合果渣,差,1.697688126656846,8,8,8,5
花生壳/板栗壳,严重,明确可追溯,优,,,1,1,中,低,能源化利用,花生壳/板栗壳,差（优/良也可）,8.609687441766887,8,8,8,5
茶渣,严重,来源不明,良,是,,0,1,高,低,前处理稳定化,豆腐渣/客家黄酒酒糟,优/良/差,6.795919390531979,5,5,8,8
果渣（柑橘/葡萄/猕猴桃等）,无,基本可追溯,差,,是,0,1,中高,低,农用利用/兜底去向,豆腐渣/客家黄酒酒糟,差（优/良也可）,6.353856955794952,8,8,8,5
花生壳/板栗壳,严重,明确可追溯,优,,,0,0,中,低,无害化兜底,柑橘皮/葡萄皮/葡萄籽/猕猴桃副产物/脐橙副产物/水晶梨副产物/混合果渣,差,1.876975961632053,8,8,8,5
花生壳/板栗壳,严重,基本可追溯,差,,,0,1,高,中,材料主线,豆腐渣/客家黄酒酒糟,良/差（优也可）,6.289010399845722,5,5,5,8
中药残余废弃物,轻度,基本可追溯,优,,,0,1,中高,中高,食品支线,豆腐渣为主/客家黄酒酒糟为辅,优/良,4.011221499764929,5,5,5,5
中药残余废弃物,严重,来源不明,优,,,1,1,高,低到中,材料主线,五指毛桃残余/布惊根残余/黄板树根残余/其他根茎木质型中药残余,优/良/差,8.504675827479211,5,5,5,8
豆制品/粮食发酵副产物,轻度,基本可追溯,良,,,0,1,高,低,材料主线,花生壳/板栗壳,优/良/差,6.946727213639081,5,5,8,8
豆制品/粮食发酵副产物,无,明确可追溯,良,,,0,1,高,中,材料主线,花生壳/板栗壳,优/良,6.4530140289610785,5,5,5,8
中药残余废弃物,轻度,明确可追溯,优,,,0,1,高,中,材料主线,花生壳/板栗壳,优/良,6.30679522021177,5,5,5,8
果渣（柑橘/葡萄/猕猴桃等）,严重,基本可追溯,优,,否,0,1,高,中高,食品支线,葡萄籽,优/良,0.0,5,5,5,8
豆制品/粮食发酵副产物,严重,来源不明,良,,,1,1,高,中,材料主线,豆腐渣/客家黄酒酒糟,良/差（优也可）,9.84666313586299,5,5,5,8
果渣（柑橘/葡萄/猕猴桃等）,轻度,明确可追溯,差,,是,0,1,高,低,材料主线,茶渣,优/良/差,6.602347634587391,5,5,8,8
豆制品/粮食发酵副产物,无,明确可追溯,良,,,0,0,中,低,无害化兜底,茶渣,差,1.5848252201238955,8,8,8,5
花生壳/板栗壳,严重,来源不明,优,,,0,1,高,中,食品支线,柑橘皮/脐橙副产物/猕猴桃副产物/水晶梨副产物,优/良,0.12953147845373314,5,5,5,8
茶渣,严重,来源不明,差,否,,0,0,高,中高,食品支线,葡萄籽,优/良,0.07770023748935151,5,5,5,8
豆制品/粮食发酵副产物,严重,基本可追溯,优,,,0,1,中,高,食品支线,茶渣,优,0.0,5,5,2,5
茶渣,轻度,基本可追溯,良,是,,0,1,中高,中高,食品支线,豆腐渣为主/客家黄酒酒糟为辅,优/良,3.526201885875373,5,5,5,5
果渣（柑橘/葡萄/猕猴桃等）,无,来源不明,优,,否,0,1,高,中,材料主线,豆腐渣/客家黄酒酒糟,良/差（优也可）,5.501348070759675,5,5,5,8
茶渣,轻度,明确可追溯,良,否,,0,1,中高,低,农用材料路线,花生壳/板栗壳,良/差（优也可）,6.380760620377164,5,5,8,5
茶渣,无,基本可追溯,良,否,,0,1,中高,低,材料主线,柑橘皮/葡萄皮/猕猴桃副产物/脐橙副产物/水晶梨副产物/提取后残渣,优/良/差,6.063929204864468,5,5,8,5
果渣（柑橘/葡萄/猕猴桃等）,轻度,基本可追溯,差,,是,0,0,中,中高,农用资源化,五指毛桃残余/布惊根残余/黄板树根残余/其他来源明确且安全性较可控的中药残余,优/良,0.2966434664058306,5,5,5,5
花生壳/板栗壳,严重,来源不明,优,,,0,1,高,中,材料主线,豆腐渣/客家黄酒酒糟,良/差（优也可）,5.631553321238238,5,5,5,8
茶渣,无,基本可追溯,良,否,,1,0,中,高,食品支线,茶渣,优,4.112199348749638,5,5,2,5
果渣（柑橘/葡萄/猕猴桃等）,严重,来源不明,良,,是,0,1,高,中,材料主线,花生壳/板栗壳,优/良,5.8939355961541935,5,5,5,8
花生壳/板栗壳,严重,来源不明,差,,,1,1,中,低,能源化利用,花生壳/板栗壳,差（优/良也可）,8.502553900687845,8,8,8,5
茶渣,无,基本可追溯,良,是,,0,1,高,中,食品支线,柑橘皮/脐橙副产物/猕猴桃副产物/水晶梨副产物,优/良,6.051679790838324,5,5,5,8
花生壳/板栗壳,无,基本可追溯,差,,,0,1,中高,低,农用利用/兜底去向,豆腐渣/客家黄酒酒糟,差（优/良也可）,5.931840273758857,8,8,8,5
茶渣,无,明确可追溯,优,否,,1,1,高,低,材料主线,茶渣,优/良/差,10.838626716636355,5,5,8,8
花生壳/板栗壳,轻度,基本可追溯,良,,,1,1,中,低,能源化利用,花生壳/板栗壳,差（优/良也可）,9.094318672403391,8,8,8,5
中药残余废弃物,严重,来源不明,良,,,0,1,中高,低,材料主线,柑橘皮/葡萄皮/猕猴桃副产物/脐橙副产物/水晶梨副产物/提取后残渣,优/良/差,5.648818585912386,5,5,8,5
中药残余废弃物,轻度,来源不明,优,,,1,1,高,低到中,材料主线,五指毛桃残余/布惊根残余/黄板树根残余/其他根茎木质型中药残余,优/良/差,9.194282089363275,5,5,5,8
豆制品/粮食发酵副产物,无,明确可追溯,优,,,0,1,中,高,食品支线,茶渣,优,3.2810074708895667,5,5,2,5
花生壳/板栗壳,严重,明确可追溯,良,,,0,1,高,低,材料主线,茶渣,优/良/差,6.553290319123566,5,5,8,8
果渣（柑橘/葡萄/猕猴桃等）,轻度,基本可追溯,差,,否,0,0,中高,中高,食品支线,豆腐渣为主/客家黄酒酒糟为辅,优/良,0.9410348787219095,5,5,5,5
花生壳/板栗壳,严重,基本可追溯,良,,,0,1,中高,中高,食品支线,豆腐渣为主/客家黄酒酒糟为辅,优/良,0.0,5,5,5,5
花生壳/板栗壳,轻度,来源不明,优,,,1,1,中,低,能源化利用,花生壳/板栗壳,差（优/良也可）,9.107447263099761,8,8,8,5
中药残余废弃物,无,来源不明,优,,,0,1,中高,中高,食品支线,豆腐渣为主/客家黄酒酒糟为辅,优/良,3.8935957908918253,5,5,5,5
果渣（柑橘/葡萄/猕猴桃等）,轻度,来源不明,良,,是,0,1,高,低,前处理稳定化,豆腐渣/客家黄酒酒糟,优/良/差,7.427833123015639,5,5,8,8
豆制品/粮食发酵副产物,无,基本可追溯,差,,,0,1,中高,低,材料主线,柑橘皮/葡萄皮/猕猴桃副产物/脐橙副产物/水晶梨副产物/提取后残渣,优/良/差,6.380647866345782,5,5,8,5
茶渣,轻度,明确可追溯,差,否,,0,1,高,低到中,材料主线,五指毛桃残余/布惊根残余/黄板树根残余/其他根茎木质型中药残余,优/良/差,5.273761929490126,5,5,5,8
中药残余废弃物,无,基本可追溯,差,,,0,1,中高,低,材料主线,柑橘皮/葡萄皮/猕猴桃副产物/脐橙副产物/水晶梨副产物/提取后残渣,优/良/差,6.361617174014677,5,5,8,5
果渣（柑橘/葡萄/猕猴桃等）,无,基本可追溯,优,,否,1,0,中,低,无害化兜底,柑橘皮/葡萄皮/葡萄籽/猕猴桃副产物/脐橙副产物/水晶梨副产物/混合果渣,差,6.446268617804483,8,8,8,5
豆制品/粮食发酵副产物,无,基本可追溯,优,,,0,1,高,低到中,材料主线,五指毛桃残余/布惊根残余/黄板树根残余/其他根茎木质型中药残余,优/良/差,4.8354477924764945,5,5,5,8
茶渣,无,基本可追溯,良,否,,0,1,中高,低,材料主线,柑橘皮/葡萄皮/猕猴桃副产物/脐橙副产物/水晶梨副产物/提取后残渣,优/良/差,5.576574163324868,5,5,8,5
果渣（柑橘/葡萄/猕猴桃等）,无,明确可追溯,差,,是,0,0,高,中高,食品支线,葡萄籽,优/良,2.0992933997485173,5,5,5,8
花生壳/板栗壳,轻度,来源不明,差,,,0,1,高,低,前处理稳定化,豆腐渣/客家黄酒酒糟,优/良/差,7.081766175000032,5,5,8,8
茶渣,无,来源不明,差,是,,0,0,高,中高,食品支线,葡萄籽,优/良,1.8635791338465766,5,5,5,8
茶渣,严重,基本可追溯,差,否,,0,1,中高,低,材料主线,柑橘皮/葡萄皮/猕猴桃副产物/脐橙副产物/水晶梨副产物/提取后残渣,优/良/差,5.633164222469497,5,5,8,5
豆制品/粮食发酵副产物,无,来源不明,良,,,1,1,高,低,前处理稳定化,豆腐渣/客家黄酒酒糟,优/良/差,10.89431922884732,5,5,8,8
茶渣,严重,明确可追溯,差,否,,0,1,中高,低,材料主线,柑橘皮/葡萄皮/猕猴桃副产物/脐橙副产物/水晶梨副产物/提取后残渣,优/良/差,6.136637905017688,5,5,8,5
茶渣,严重,基本可追溯,差,是,,1,0,中,高,食品支线,茶渣,优,0.0,5,5,2,5
中药残余废弃物,严重,基本可追溯,差,,,0,1,中高,低,农用利用/兜底去向,豆腐渣/客家黄酒酒糟,差（优/良也可）,6.193866463998184,8,8,8,5
花生壳/板栗壳,无,明确可追溯,优,,,0,1,中,高,食品支线,茶渣,优,3.03720765445581,5,5,2,5
茶渣,无,基本可追溯,差,否,,0,0,中,中高,农用资源化,五指毛桃残余/布惊根残余/黄板树根残余/其他来源明确且安全性较可控的中药残余,优/良,0.35287470303977475,5,5,5,5
花生壳/板栗壳,轻度,来源不明,优,,,0,1,中,中高,农用资源化,五指毛桃残余/布惊根残余/黄板树根残余/其他来源明确且安全性较可控的中药残余,优/良,2.6376559438610325,5,5,5,5
茶渣,无,基本可追溯,差,是,,0,0,高,中,材料主线,花生壳/板栗壳,优/良,3.037131740269056,5,5,5,8
果渣（柑橘/葡萄/猕猴桃等）,严重,来源不明,优,,否,0,1,高,中,材料主线,茶渣,优/良,6.136994093323059,5,5,5,8
豆制品/粮食发酵副产物,严重,基本可追溯,差,,,0,1,高,低,材料主线,花生壳/板栗壳,优/良/差,7.391074593422451,5,5,8,8
豆制品/粮食发酵副产物,轻度,基本可追溯,差,,,0,1,中,低,无害化兜底,茶渣,差,5.396358605772923,8,8,8,5
中药残余废弃物,严重,明确可追溯,优,,,1,1,高,低到中,材料主线,五指毛桃残余/布惊根残余/黄板树根残余/其他根茎木质型中药残余,优/良/差,8.981298802556594,5,5,5,8
茶渣,严重,基本可追溯,差,是,,1,1,中,低,无害化兜底,茶渣,差,9.064646186379465,8,8,8,5
豆制品/粮食发酵副产物,无,基本可追溯,差,,,0,0,高,中高,食品支线,葡萄籽,优/良,2.288754816574354,5,5,5,8
中药残余废弃物,严重,基本可追溯,良,,,1,1,中,中高,农用资源化,五指毛桃残余/布惊根残余/黄板树根残余/其他来源明确且安全性较可控的中药残余,优/良,7.044273182000698,5,5,5,5
中药残余废弃物,无,来源不明,良,,,0,1,高,中,食品支线,柑橘皮/脐橙副产物/猕猴桃副产物/水晶梨副产物,优/良,6.130248104934034,5,5,5,8
茶渣,严重,来源不明,良,否,,0,1,高,中,材料主线,豆腐渣/客家黄酒酒糟,良/差（优也可）,6.203410953050123,5,5,5,8
果渣（柑橘/葡萄/猕猴桃等）,轻度,明确可追溯,优,,否,0,1,中高,中高,食品支线,豆腐渣为主/客家黄酒酒糟为辅,优/良,3.665197783714701,5,5,5,5
果渣（柑橘/葡萄/猕猴桃等）,轻度,基本可追溯,优,,否,0,1,中高,低,农用利用/兜底去向,豆腐渣/客家黄酒酒糟,差（优/良也可）,5.587064180869185,8,8,8,5
果渣（柑橘/葡萄/猕猴桃等）,轻度,来源不明,良,,是,1,0,中,低,无害化兜底,柑橘皮/葡萄皮/葡萄籽/猕猴桃副产物/脐橙副产物/水晶梨副产物/混合果渣,差,5.836320920429037,8,8,8,5
花生壳/板栗壳,轻度,明确可追溯,良,,,1,1,高,中,材料主线,花生壳/板栗壳,优/良,10.41238212439979,5,5,5,8
豆制品/粮食发酵副产物,严重,明确可追溯,差,,,0,1,高,低,材料主线,茶渣,优/良/差,6.582070613191247,5,5,8,8
中药残余废弃物,轻度,基本可追溯,优,,,0,1,高,低,材料主线,花生壳/板栗壳,优/良/差,7.460069237722417,5,5,8,8
中药残余废弃物,严重,来源不明,差,,,0,1,中,低,无害化兜底,茶渣,差,5.452657681354049,8,8,8,5
茶渣,无,基本可追溯,良,否,,0,1,高,低,前处理稳定化,豆腐渣/客家黄酒酒糟,优/良/差,6.826307720875474,5,5,8,8
中药残余废弃物,轻度,基本可追溯,差,,,0,0,中高,中高,食品支线,豆腐渣为主/客家黄酒酒糟为辅,优/良,1.1919827285610145,5,5,5,5
茶渣,轻度,来源不明,差,否,,1,1,高,低,材料主线,茶渣,优/良/差,10.780263789232512,5,5,8,8
花生壳/板栗壳,轻度,基本可追溯,优,,,0,1,中,中高,农用资源化,五指毛桃残余/布惊根残余/黄板树根残余/其他来源明确且安全性较可控的中药残余,优/良,3.1563031946494484,5,5,5,5
中药残余废弃物,轻度,来源不明,差,,,0,1,中,低,能源化利用,花生壳/板栗壳,差（优/良也可）,4.68570070350483,8,8,8,5
豆制品/粮食发酵副产物,轻度,来源不明,良,,,0,1,高,低到中,材料主线,五指毛桃残余/布惊根残余/黄板树根残余/其他根茎木质型中药残余,优/良/差,4.835716631247377,5,5,5,8
中药残余废弃物,严重,明确可追溯,良,,,0,1,高,中,材料主线,茶渣,优/良,5.566627367747158,5,5,5,8
花生壳/板栗壳,轻度,基本可追溯,差,,,0,0,中,高,食品支线,茶渣,优,0.0,5,5,2,5
茶渣,无,基本可追溯,良,否,,0,1,高,中高,食品支线,葡萄籽,优/良,4.6404863672181405,5,5,5,8
豆制品/粮食发酵副产物,轻度,来源不明,差,,,0,1,高,低,材料主线,茶渣,优/良/差,6.818569017437773,5,5,8,8
茶渣,轻度,来源不明,优,否,,0,1,中高,低,农用材料路线,花生壳/板栗壳,良/差（优也可）,5.839904327251087,5,5,8,5
豆制品/粮食发酵副产物,严重,来源不明,优,,,0,1,中高,低,材料主线,柑橘皮/葡萄皮/猕猴桃副产物/脐橙副产物/水晶梨副产物/提取后残渣,优/良/差,6.27347335820837,5,5,8,5
中药残余废弃物,严重,明确可追溯,差,,,0,1,中高,低,农用材料路线,花生壳/板栗壳,良/差（优也可）,5.8276561198526,5,5,8,5
花生壳/板栗壳,轻度,明确可追溯,良,,,1,1,高,低,材料主线,花生壳/板栗壳,优/良/差,11.417260902795604,5,5,8,8
中药残余废弃物,轻度,明确可追溯,优,,,0,1,高,中,材料主线,茶渣,优/良,6.2595871936936,5,5,5,8
茶渣,轻度,基本可追溯,差,是,,1,0,中,高,食品支线,茶渣,优,3.8207735241583927,5,5,2,5
花生壳/板栗壳,严重,明确可追溯,优,,,0,1,中高,中高,食品支线,豆腐渣为主/客家黄酒酒糟为辅,优/良,0.3140123463794927,5,5,5,5
中药残余废弃物,严重,明确可追溯,良,,,0,1,高,中高,食品支线,葡萄籽,优/良,0.12896805956131996,5,5,5,8
果渣（柑橘/葡萄/猕猴桃等）,无,明确可追溯,优,,否,0,1,高,低,前处理稳定化,豆腐渣/客家黄酒酒糟,优/良/差,7.238012847374418,5,5,8,8
茶渣,严重,明确可追溯,优,否,,1,1,中,高,食品支线,茶渣,优,0.12186356994763536,5,5,2,5
花生壳/板栗壳,严重,来源不明,良,,,0,1,中高,低,材料主线,柑橘皮/葡萄皮/猕猴桃副产物/脐橙副产物/水晶梨副产物/提取后残渣,优/良/差,6.175491076000638,5,5,8,5
茶渣,轻度,基本可追溯,差,否,,0,1,中,低,无害化兜底,柑橘皮/葡萄皮/葡萄籽/猕猴桃副产物/脐橙副产物/水晶梨副产物/混合果渣,差,4.504758567747898,8,8,8,5
茶渣,无,明确可追溯,差,否,,1,0,高,中,材料主线,茶渣,优/良,6.544930635948986,5,5,5,8
果渣（柑橘/葡萄/猕猴桃等）,无,来源不明,差,,是,1,0,高,中,食品支线,柑橘皮/脐橙副产物/猕猴桃副产物/水晶梨副产物,优/良,6.695829134241944,5,5,5,8
茶渣,轻度,明确可追溯,良,是,,0,1,中高,中高,食品支线,豆腐渣为主/客家黄酒酒糟为辅,优/良,3.5628325072971387,5,5,5,5
果渣（柑橘/葡萄/猕猴桃等）,严重,明确可追溯,差,,是,0,1,中高,低,农用材料路线,花生壳/板栗壳,良/差（优也可）,5.618653404371261,5,5,8,5
中药残余废弃物,无,来源不明,优,,,0,1,高,中高,食品支线,葡萄皮/柑橘皮/脐橙副产物/猕猴桃副产物,优/良,5.103647925705573,5,5,5,8
豆制品/粮食发酵副产物,无,来源不明,良,,,0,0,中,高,食品支线,茶渣,优,0.3546731063098143,5,5,2,5
中药残余废弃物,严重,来源不明,差,,,0,0,高,中,材料主线,花生壳/板栗壳,优/良,2.696991200094036,5,5,5,8
中药残余废弃物,严重,明确可追溯,良,,,0,0,中,低,无害化兜底,茶渣,差,2.1270449045881854,8,8,8,5
花生壳/板栗壳,严重,明确可追溯,良,,,0,0,中,高,食品支线,茶渣,优,0.41518930190174663,5,5,2,5
豆制品/粮食发酵副产物,无,来源不明,优,,,0,1,高,中高,食品支线,葡萄皮/柑橘皮/脐橙副产物/猕猴桃副产物,优/良,4.873608680260256,5,5,5,8
豆制品/粮食发酵副产物,轻度,来源不明,良,,,0,1,中高,低,农用材料路线,花生壳/板栗壳,良/差（优也可）,6.353056713217463,5,5,8,5
中药残余废弃物,严重,明确可追溯,优,,,0,1,高,中高,食品支线,葡萄籽,优/良,0.09377842318144447,5,5,5,8
花生壳/板栗壳,严重,来源不明,优,,,1,1,中,低,能源化利用,花生壳/板栗壳,差（优/良也可）,9.134159372339559,8,8,8,5
花生壳/板栗壳,严重,明确可追溯,良,,,0,1,高,低,材料主线,茶渣,优/良/差,6.740280134538977,5,5,8,8
果渣（柑橘/葡萄/猕猴桃等）,严重,基本可追溯,优,,否,0,1,高,中高,食品支线,葡萄籽,优/良,0.4097240021560945,5,5,5,8
果渣（柑橘/葡萄/猕猴桃等）,轻度,来源不明,差,,是,0,1,中,低,无害化兜底,茶渣,差,5.340346632194529,8,8,8,5
中药残余废弃物,无,基本可追溯,优,,,0,1,高,中,材料主线,花生壳/板栗壳,优/良,6.448384865458239,5,5,5,8
中药残余废弃物,轻度,来源不明,良,,,0,1,高,低,材料主线,花生壳/板栗壳,优/良/差,6.578379800863012,5,5,8,8
果渣（柑橘/葡萄/猕猴桃等）,严重,明确可追溯,良,,否,0,1,高,中,材料主线,豆腐渣/客家黄酒酒糟,良/差（优也可）,5.814702780986897,5,5,5,8
茶渣,轻度,来源不明,差,否,,0,0,高,中高,食品支线,葡萄籽,优/良,2.433632433029638,5,5,5,8
茶渣,无,来源不明,优,否,,0,1,高,低到中,材料主线,五指毛桃残余/布惊根残余/黄板树根残余/其他根茎木质型中药残余,优/良/差,4.802517979683785,5,5,5,8
中药残余废弃物,轻度,基本可追溯,优,,,0,1,高,低,材料主线,花生壳/板栗壳,优/良/差,7.206070781149207,5,5,8,8
花生壳/板栗壳,严重,明确可追溯,差,,,1,1,高,低,材料主线,花生壳/板栗壳,优/良/差,10.802846307462028,5,5,8,8
中药残余废弃物,无,来源不明,良,,,0,1,高,中,材料主线,茶渣,优/良,5.90776918508967,5,5,5,8
茶渣,轻度,基本可追溯,良,是,,0,1,高,中,材料主线,花生壳/板栗壳,优/良,5.570376664586407,5,5,5,8
豆制品/粮食发酵副产物,无,明确可追溯,优,,,1,1,高,低,前处理稳定化,豆腐渣/客家黄酒酒糟,优/良/差,11.234904563933965,5,5,8,8
茶渣,严重,来源不明,差,是,,0,1,高,低,前处理稳定化,豆腐渣/客家黄酒酒糟,优/良/差,6.682275180681727,5,5,8,8
豆制品/粮食发酵副产物,严重,基本可追溯,优,,,0,1,中,高,食品支线,茶渣,优,0.29516825258734614,5,5,2,5
果渣（柑橘/葡萄/猕猴桃等）,无,明确可追溯,良,,否,0,1,高,中高,食品支线,葡萄籽,优/良,4.793344869594764,5,5,5,8
茶渣,无,基本可追溯,差,是,,0,1,高,低到中,材料主线,五指毛桃残余/布惊根残余/黄板树根残余/其他根茎木质型中药残余,优/良/差,5.2858848215889305,5,5,5,8
豆制品/粮食发酵副产物,轻度,明确可追溯,良,,,0,1,中,中高,农用资源化,五指毛桃残余/布惊根残余/黄板树根残余/其他来源明确且安全性较可控的中药残余,优/良,2.7811692517770314,5,5,5,5
中药残余废弃物,无,来源不明,差,,,0,1,高,低,材料主线,花生壳/板栗壳,优/良/差,7.011886352756062,5,5,8,8
中药残余废弃物,无,来源不明,优,,,0,1,中高,低,农用材料路线,花生壳/板栗壳,良/差（优也可）,5.950944159101289,5,5,8,5
中药残余废弃物,无,明确可追溯,差,,,0,1,中高,低,材料主线,柑橘皮/葡萄皮/猕猴桃副产物/脐橙副产物/水晶梨副产物/提取后残渣,优/良/差,5.6843444973912245,5,5,8,5
豆制品/粮食发酵副产物,严重,基本可追溯,良,,,0,1,中,低,能源化利用,花生壳/板栗壳,差（优/良也可）,4.806940309660996,8,8,8,5
果渣（柑橘/葡萄/猕猴桃等）,轻度,明确可追溯,良,,否,0,1,高,中,材料主线,豆腐渣/客家黄酒酒糟,良/差（优也可）,5.840438644149469,5,5,5,8
豆制品/粮食发酵副产物,严重,明确可追溯,差,,,0,0,高,中高,食品支线,葡萄籽,优/良,0.0,5,5,5,8
中药残余废弃物,严重,明确可追溯,差,,,0,0,高,中,材料主线,花生壳/板栗壳,优/良,3.0720032579990444,5,5,5,8
茶渣,无,明确可追溯,良,是,,1,0,中,高,食品支线,茶渣,优,3.8360329125755954,5,5,2,5
花生壳/板栗壳,无,来源不明,差,,,0,1,中高,低,农用利用/兜底去向,豆腐渣/客家黄酒酒糟,差（优/良也可）,5.708847828867076,8,8,8,5
花生壳/板栗壳,无,明确可追溯,良,,,0,1,高,中高,食品支线,葡萄皮/柑橘皮/脐橙副产物/猕猴桃副产物,优/良,5.286782618344775,5,5,5,8
花生壳/板栗壳,轻度,基本可追溯,差,,,0,1,高,中,材料主线,豆腐渣/客家黄酒酒糟,良/差（优也可）,6.228192905726506,5,5,5,8
果渣（柑橘/葡萄/猕猴桃等）,无,基本可追溯,差,,否,0,0,中,中高,农用资源化,五指毛桃残余/布惊根残余/黄板树根残余/其他来源明确且安全性较可控的中药残余,优/良,0.23627461123082283,5,5,5,5
中药残余废弃物,严重,基本可追溯,良,,,0,0,中,高,食品支线,茶渣,优,0.0,5,5,2,5
花生壳/板栗壳,无,基本可追溯,良,,,0,0,中,低,无害化兜底,柑橘皮/葡萄皮/葡萄籽/猕猴桃副产物/脐橙副产物/水晶梨副产物/混合果渣,差,1.5353221137187723,8,8,8,5
果渣（柑橘/葡萄/猕猴桃等）,轻度,明确可追溯,优,,是,0,1,中高,中高,食品支线,豆腐渣为主/客家黄酒酒糟为辅,优/良,4.491323232752429,5,5,5,5
茶渣,无,来源不明,优,是,,0,1,中高,低,农用材料路线,花生壳/板栗壳,良/差（优也可）,5.504560339441673,5,5,8,5
豆制品/粮食发酵副产物,轻度,基本可追溯,优,,,1,1,高,中,材料主线,豆腐渣/客家黄酒酒糟,良/差（优也可）,9.820665487463696,5,5,5,8
花生壳/板栗壳,严重,基本可追溯,优,,,1,1,中,低,能源化利用,花生壳/板栗壳,差（优/良也可）,9.484068582604678,8,8,8,5
茶渣,轻度,明确可追溯,良,是,,1,1,高,低,材料主线,茶渣,优/良/差,11.089592017578294,5,5,8,8
中药残余废弃物,无,基本可追溯,良,,,0,0,中,低,无害化兜底,茶渣,差,1.5423110755923668,8,8,8,5
花生壳/板栗壳,轻度,来源不明,良,,,0,0,中,低,无害化兜底,茶渣,差,2.0032800374136417,8,8,8,5
中药残余废弃物,无,明确可追溯,优,,,0,1,中高,低,农用利用/兜底去向,豆腐渣/客家黄酒酒糟,差（优/良也可）,6.074387383953943,8,8,8,5
果渣（柑橘/葡萄/猕猴桃等）,轻度,来源不明,良,,否,0,0,中,低,无害化兜底,茶渣,差,1.717243840669946,8,8,8,5
豆制品/粮食发酵副产物,严重,来源不明,优,,,0,1,中,低,能源化利用,花生壳/板栗壳,差（优/良也可）,5.090014326843987,8,8,8,5
茶渣,无,明确可追溯,良,是,,0,1,中,低,能源化利用,花生壳/板栗壳,差（优/良也可）,4.649199774024377,8,8,8,5
花生壳/板栗壳,轻度,明确可追溯,优,,,0,1,高,低,前处理稳定化,豆腐渣/客家黄酒酒糟,优/良/差,6.905291058271968,5,5,8,8
中药残余废弃物,严重,明确可追溯,良,,,0,1,中,低,能源化利用,花生壳/板栗壳,差（优/良也可）,5.4455776767301405,8,8,8,5
果渣（柑橘/葡萄/猕猴桃等）,无,基本可追溯,差,,是,0,1,高,中,材料主线,豆腐渣/客家黄酒酒糟,良/差（优也可）,6.281993327253759,5,5,5,8
花生壳/板栗壳,轻度,基本可追溯,差,,,1,0,高,中,材料主线,花生壳/板栗壳,优/良,6.625324438673029,5,5,5,8
花生壳/板栗壳,严重,明确可追溯,良,,,1,1,高,中,材料主线,花生壳/板栗壳,优/良,9.567249194818146,5,5,5,8
花生壳/板栗壳,无,基本可追溯,良,,,1,1,高,低,材料主线,花生壳/板栗壳,优/良/差,10.705478198553896,5,5,8,8
花生壳/板栗壳,无,来源不明,优,,,0,1,高,低,前处理稳定化,豆腐渣/客家黄酒酒糟,优/良/差,6.842607368150013,5,5,8,8
果渣（柑橘/葡萄/猕猴桃等）,无,基本可追溯,优,,是,0,1,中,高,食品支线,茶渣,优,3.354317567997981,5,5,2,5
中药残余废弃物,严重,来源不明,差,,,0,0,中,高,食品支线,茶渣,优,0.0,5,5,2,5
果渣（柑橘/葡萄/猕猴桃等）,轻度,明确可追溯,优,,否,0,1,高,中,材料主线,茶渣,优/良,6.100258685222186,5,5,5,8
果渣（柑橘/葡萄/猕猴桃等）,严重,明确可追溯,优,,否,0,1,高,低,前处理稳定化,豆腐渣/客家黄酒酒糟,优/良/差,7.414917288982093,5,5,8,8
豆制品/粮食发酵副产物,严重,来源不明,良,,,0,0,中,高,食品支线,茶渣,优,0.0,5,5,2,5
豆制品/粮食发酵副产物,严重,明确可追溯,优,,,0,1,中,高,食品支线,茶渣,优,0.0,5,5,2,5
花生壳/板栗壳,轻度,来源不明,差,,,0,0,高,中高,食品支线,葡萄籽,优/良,2.1904251884455164,5,5,5,8
果渣（柑橘/葡萄/猕猴桃等）,无,来源不明,良,,否,0,1,高,低,材料主线,花生壳/板栗壳,优/良/差,6.958742373861649,5,5,8,8
果渣（柑橘/葡萄/猕猴桃等）,无,明确可追溯,良,,是,0,1,高,中,材料主线,花生壳/板栗壳,优/良,6.041420801787875,5,5,5,8
豆制品/粮食发酵副产物,无,来源不明,差,,,0,1,中高,低,材料主线,柑橘皮/葡萄皮/猕猴桃副产物/脐橙副产物/水晶梨副产物/提取后残渣,优/良/差,6.137464329199193,5,5,8,5
果渣（柑橘/葡萄/猕猴桃等）,轻度,基本可追溯,差,,否,0,1,中,低,无害化兜底,茶渣,差,4.501229395941836,8,8,8,5
茶渣,无,明确可追溯,优,否,,0,1,中高,中高,食品支线,豆腐渣为主/客家黄酒酒糟为辅,优/良,4.464163512632195,5,5,5,5
茶渣,轻度,明确可追溯,良,否,,1,0,中,低,无害化兜底,茶渣,差,6.31937556907643,8,8,8,5
果渣（柑橘/葡萄/猕猴桃等）,无,来源不明,良,,是,0,1,中高,低,农用利用/兜底去向,豆腐渣/客家黄酒酒糟,差（优/良也可）,5.993625168278246,8,8,8,5
茶渣,轻度,明确可追溯,良,否,,0,1,中,低,能源化利用,花生壳/板栗壳,差（优/良也可）,5.189980422480018,8,8,8,5
果渣（柑橘/葡萄/猕猴桃等）,严重,明确可追溯,差,,否,1,0,高,中高,食品支线,葡萄皮/柑橘皮/脐橙副产物/猕猴桃副产物,优/良,0.0,5,5,5,8
茶渣,轻度,来源不明,差,是,,0,1,中高,低,农用利用/兜底去向,豆腐渣/客家黄酒酒糟,差（优/良也可）,5.715307739282396,8,8,8,5
茶渣,严重,基本可追溯,优,否,,1,1,高,中,材料主线,茶渣,优/良,9.823180849667747,5,5,5,8
果渣（柑橘/葡萄/猕猴桃等）,无,基本可追溯,差,,是,0,0,中高,中高,食品支线,豆腐渣为主/客家黄酒酒糟为辅,优/良,1.4763538642629825,5,5,5,5
豆制品/粮食发酵副产物,严重,来源不明,良,,,0,1,高,中高,食品支线,葡萄籽,优/良,0.3861754929324288,5,5,5,8
花生壳/板栗壳,严重,明确可追溯,良,,,0,1,高,中高,食品支线,葡萄皮/柑橘皮/脐橙副产物/猕猴桃副产物,优/良,0.0,5,5,5,8
中药残余废弃物,严重,明确可追溯,优,,,1,1,高,低到中,材料主线,五指毛桃残余/布惊根残余/黄板树根残余/其他根茎木质型中药残余,优/良/差,9.184085402080012,5,5,5,8
花生壳/板栗壳,无,来源不明,优,,,0,1,中高,中高,食品支线,豆腐渣为主/客家黄酒酒糟为辅,优/良,4.11081841588321,5,5,5,5
花生壳/板栗壳,轻度,明确可追溯,优,,,1,1,中,低,能源化利用,花生壳/板栗壳,差（优/良也可）,8.738202641723644,8,8,8,5
中药残余废弃物,严重,来源不明,优,,,0,1,中,高,食品支线,茶渣,优,0.0,5,5,2,5
豆制品/粮食发酵副产物,严重,来源不明,差,,,0,1,高,低,材料主线,茶渣,优/良/差,7.1804896140817105,5,5,8,8
花生壳/板栗壳,严重,明确可追溯,良,,,0,1,高,中高,食品支线,葡萄皮/柑橘皮/脐橙副产物/猕猴桃副产物,优/良,0.0,5,5,5,8
花生壳/板栗壳,无,来源不明,良,,,0,1,中,中高,农用资源化,五指毛桃残余/布惊根残余/黄板树根残余/其他来源明确且安全性较可控的中药残余,优/良,3.3777597397716272,5,5,5,5
茶渣,无,明确可追溯,良,否,,1,1,高,低,材料主线,茶渣,优/良/差,10.668609970551888,5,5,8,8
花生壳/板栗壳,轻度,明确可追溯,优,,,0,1,高,中,材料主线,豆腐渣/客家黄酒酒糟,良/差（优也可）,6.060143813342507,5,5,5,8
茶渣,严重,来源不明,良,是,,1,1,高,低,材料主线,茶渣,优/良/差,10.867292167215297,5,5,8,8
豆制品/粮食发酵副产物,无,明确可追溯,差,,,0,1,中,低,无害化兜底,柑橘皮/葡萄皮/葡萄籽/猕猴桃副产物/脐橙副产物/水晶梨副产物/混合果渣,差,5.051172493374864,8,8,8,5
中药残余废弃物,严重,来源不明,良,,,0,1,高,中,食品支线,柑橘皮/脐橙副产物/猕猴桃副产物/水晶梨副产物,优/良,0.14984085611691433,5,5,5,8
中药残余废弃物,严重,来源不明,良,,,1,1,高,低到中,材料主线,五指毛桃残余/布惊根残余/黄板树根残余/其他根茎木质型中药残余,优/良/差,8.655766042791548,5,5,5,8
花生壳/板栗壳,无,基本可追溯,差,,,0,0,中高,中高,食品支线,豆腐渣为主/客家黄酒酒糟为辅,优/良,1.1326571244967605,5,5,5,5
豆制品/粮食发酵副产物,严重,来源不明,差,,,0,1,中,低,无害化兜底,柑橘皮/葡萄皮/葡萄籽/猕猴桃副产物/脐橙副产物/水晶梨副产物/混合果渣,差,4.7995910082092585,8,8,8,5
中药残余废弃物,严重,明确可追溯,良,,,1,1,中,中高,农用资源化,五指毛桃残余/布惊根残余/黄板树根残余/其他来源明确且安全性较可控的中药残余,优/良,7.1080245694262985,5,5,5,5
豆制品/粮食发酵副产物,严重,基本可追溯,良,,,1,1,高,中,材料主线,豆腐渣/客家黄酒酒糟,良/差（优也可）,9.715806011658515,5,5,5,8
花生壳/板栗壳,严重,明确可追溯,差,,,0,1,高,中,材料主线,豆腐渣/客家黄酒酒糟,良/差（优也可）,6.327736658287109,5,5,5,8
花生壳/板栗壳,无,明确可追溯,优,,,0,1,高,中高,食品支线,葡萄籽,优/良,4.949839386901754,5,5,5,8
中药残余废弃物,无,来源不明,良,,,0,1,高,中高,食品支线,葡萄皮/柑橘皮/脐橙副产物/猕猴桃副产物,优/良,5.101112006504448,5,5,5,8
豆制品/粮食发酵副产物,轻度,来源不明,良,,,0,1,高,低,材料主线,茶渣,优/良/差,7.4699635131687225,5,5,8,8
中药残余废弃物,无,基本可追溯,优,,,0,1,中高,低,农用利用/兜底去向,豆腐渣/客家黄酒酒糟,差（优/良也可）,5.631916965869692,8,8,8,5
茶渣,轻度,明确可追溯,良,是,,0,1,高,中,材料主线,豆腐渣/客家黄酒酒糟,良/差（优也可）,5.512886661434189,5,5,5,8
中药残余废弃物,严重,明确可追溯,优,,,0,1,高,中,材料主线,茶渣,优/良,6.28243302319904,5,5,5,8
花生壳/板栗壳,轻度,基本可追溯,良,,,1,1,中,低,能源化利用,花生壳/板栗壳,差（优/良也可）,8.612842741322918,8,8,8,5
花生壳/板栗壳,严重,基本可追溯,良,,,0,0,中,高,食品支线,茶渣,优,0.0,5,5,2,5
中药残余废弃物,轻度,明确可追溯,良,,,0,1,中高,低,材料主线,柑橘皮/葡萄皮/猕猴桃副产物/脐橙副产物/水晶梨副产物/提取后残渣,优/良/差,6.385802685244259,5,5,8,5
豆制品/粮食发酵副产物,严重,来源不明,良,,,1,1,中高,低,农用利用/兜底去向,豆腐渣/客家黄酒酒糟,差（优/良也可）,9.61579580926495,8,8,8,5
花生壳/板栗壳,严重,基本可追溯,优,,,1,1,高,中,材料主线,花生壳/板栗壳,优/良,9.899717449508627,5,5,5,8
豆制品/粮食发酵副产物,无,来源不明,优,,,1,1,高,中,材料主线,豆腐渣/客家黄酒酒糟,良/差（优也可）,10.267170203329192,5,5,5,8
果渣（柑橘/葡萄/猕猴桃等）,严重,明确可追溯,差,,否,0,0,高,中,材料主线,花生壳/板栗壳,优/良,2.660639531919828,5,5,5,8
中药残余废弃物,严重,明确可追溯,良,,,0,1,高,中,材料主线,花生壳/板栗壳,优/良,5.576486801037044,5,5,5,8
果渣（柑橘/葡萄/猕猴桃等）,无,明确可追溯,良,,否,1,0,中,低,无害化兜底,柑橘皮/葡萄皮/葡萄籽/猕猴桃副产物/脐橙副产物/水晶梨副产物/混合果渣,差,6.268461702541168,8,8,8,5
花生壳/板栗壳,无,来源不明,优,,,0,1,高,中高,食品支线,葡萄皮/柑橘皮/脐橙副产物/猕猴桃副产物,优/良,4.976470071292609,5,5,5,8
豆制品/粮食发酵副产物,严重,基本可追溯,差,,,0,1,高,低,材料主线,花生壳/板栗壳,优/良/差,7.006872156659782,5,5,8,8
中药残余废弃物,严重,来源不明,良,,,0,1,高,中,材料主线,豆腐渣/客家黄酒酒糟,良/差（优也可）,6.04119945744659,5,5,5,8
豆制品/粮食发酵副产物,轻度,明确可追溯,优,,,1,1,中高,中高,食品支线,豆腐渣为主/客家黄酒酒糟为辅,优/良,7.61825770557404,5,5,5,5
豆制品/粮食发酵副产物,严重,基本可追溯,良,,,1,1,高,中,材料主线,豆腐渣/客家黄酒酒糟,良/差（优也可）,9.554435510237374,5,5,5,8
豆制品/粮食发酵副产物,严重,基本可追溯,差,,,0,0,高,中,材料主线,茶渣,优/良,2.891793823074008,5,5,5,8
果渣（柑橘/葡萄/猕猴桃等）,严重,基本可追溯,良,,否,0,1,中,低,能源化利用,花生壳/板栗壳,差（优/良也可）,5.052488504427029,8,8,8,5
茶渣,无,基本可追溯,优,是,,0,1,中高,低,材料主线,柑橘皮/葡萄皮/猕猴桃副产物/脐橙副产物/水晶梨副产物/提取后残渣,优/良/差,5.699641002612996,5,5,8,5
果渣（柑橘/葡萄/猕猴桃等）,无,基本可追溯,良,,否,1,1,高,中,食品支线,柑橘皮/脐橙副产物/猕猴桃副产物/水晶梨副产物,优/良,9.743422692417223,5,5,5,8
果渣（柑橘/葡萄/猕猴桃等）,无,基本可追溯,良,,是,1,0,中,低,无害化兜底,柑橘皮/葡萄皮/葡萄籽/猕猴桃副产物/脐橙副产物/水晶梨副产物/混合果渣,差,6.194008128045656,8,8,8,5
中药残余废弃物,严重,基本可追溯,优,,,0,1,高,中,材料主线,花生壳/板栗壳,优/良,5.999091707155138,5,5,5,8
花生壳/板栗壳,严重,基本可追溯,优,,,1,1,中高,低,农用材料路线,花生壳/板栗壳,良/差（优也可）,10.377588240392697,5,5,8,5
果渣（柑橘/葡萄/猕猴桃等）,严重,明确可追溯,差,,否,1,1,中,低,无害化兜底,柑橘皮/葡萄皮/葡萄籽/猕猴桃副产物/脐橙副产物/水晶梨副产物/混合果渣,差,9.383714699193693,8,8,8,5
中药残余废弃物,无,来源不明,差,,,1,0,中,中高,农用资源化,五指毛桃残余/布惊根残余/黄板树根残余/其他来源明确且安全性较可控的中药残余,优/良,4.068891545536671,5,5,5,5
中药残余废弃物,轻度,明确可追溯,优,,,0,1,高,中高,食品支线,葡萄皮/柑橘皮/脐橙副产物/猕猴桃副产物,优/良,4.893108743033405,5,5,5,8
茶渣,无,基本可追溯,差,否,,0,1,高,低,材料主线,花生壳/板栗壳,优/良/差,6.930977091985048,5,5,8,8
花生壳/板栗壳,轻度,基本可追溯,优,,,0,1,中高,低,材料主线,柑橘皮/葡萄皮/猕猴桃副产物/脐橙副产物/水晶梨副产物/提取后残渣,优/良/差,6.448782544858515,5,5,8,5
花生壳/板栗壳,无,来源不明,优,,,1,1,中,低,能源化利用,花生壳/板栗壳,差（优/良也可）,8.8451922623064,8,8,8,5
茶渣,严重,来源不明,差,否,,0,0,高,中,材料主线,花生壳/板栗壳,优/良,3.4104641413198213,5,5,5,8
花生壳/板栗壳,轻度,来源不明,差,,,0,1,中,低,无害化兜底,柑橘皮/葡萄皮/葡萄籽/猕猴桃副产物/脐橙副产物/水晶梨副产物/混合果渣,差,4.691794164177736,8,8,8,5
中药残余废弃物,轻度,来源不明,差,,,1,1,高,低到中,材料主线,五指毛桃残余/布惊根残余/黄板树根残余/其他根茎木质型中药残余,优/良/差,9.493181974232005,5,5,5,8
茶渣,无,明确可追溯,差,是,,0,1,高,低到中,材料主线,五指毛桃残余/布惊根残余/黄板树根残余/其他根茎木质型中药残余,优/良/差,4.8146705165172206,5,5,5,8
茶渣,轻度,明确可追溯,差,是,,0,1,中高,低,农用材料路线,花生壳/板栗壳,良/差（优也可）,5.5010258548701065,5,5,8,5
豆制品/粮食发酵副产物,严重,明确可追溯,差,,,1,1,高,低,前处理稳定化,豆腐渣/客家黄酒酒糟,优/良/差,10.932159860369465,5,5,8,8
豆制品/粮食发酵副产物,无,来源不明,差,,,0,1,中,低,能源化利用,花生壳/板栗壳,差（优/良也可）,4.6741767510405845,8,8,8,5
豆制品/粮食发酵副产物,轻度,明确可追溯,良,,,0,1,中,低,能源化利用,花生壳/板栗壳,差（优/良也可）,4.796525978042647,8,8,8,5
茶渣,严重,来源不明,良,否,,0,1,中,低,能源化利用,花生壳/板栗壳,差（优/良也可）,5.00088650763475,8,8,8,5
豆制品/粮食发酵副产物,严重,来源不明,优,,,1,1,高,中,材料主线,豆腐渣/客家黄酒酒糟,良/差（优也可）,9.613836634257913,5,5,5,8
茶渣,无,来源不明,优,否,,1,1,高,低,材料主线,茶渣,优/良/差,10.825850150793682,5,5,8,8
果渣（柑橘/葡萄/猕猴桃等）,严重,来源不明,良,,否,0,1,高,低,前处理稳定化,豆腐渣/客家黄酒酒糟,优/良/差,7.192824885636937,5,5,8,8
茶渣,无,基本可追溯,差,否,,0,1,中,低,能源化利用,花生壳/板栗壳,差（优/良也可）,4.542283754232333,8,8,8,5
茶渣,无,明确可追溯,良,是,,1,1,高,低,材料主线,茶渣,优/良/差,11.218214025269134,5,5,8,8
果渣（柑橘/葡萄/猕猴桃等）,严重,明确可追溯,优,,否,0,1,中,低,能源化利用,花生壳/板栗壳,差（优/良也可）,4.986560245588774,8,8,8,5
果渣（柑橘/葡萄/猕猴桃等）,轻度,来源不明,良,,否,0,1,中,低,能源化利用,花生壳/板栗壳,差（优/良也可）,4.807641213937198,8,8,8,5
花生壳/板栗壳,轻度,来源不明,优,,,0,1,高,中,材料主线,豆腐渣/客家黄酒酒糟,良/差（优也可）,5.8461145898622835,5,5,5,8
花生壳/板栗壳,无,来源不明,良,,,0,1,中高,低,农用利用/兜底去向,豆腐渣/客家黄酒酒糟,差（优/良也可）,6.4181203951403125,8,8,8,5
花生壳/板栗壳,严重,明确可追溯,良,,,0,1,高,中高,食品支线,葡萄籽,优/良,0.21837305978671784,5,5,5,8
花生壳/板栗壳,严重,来源不明,良,,,0,1,高,低,前处理稳定化,豆腐渣/客家黄酒酒糟,优/良/差,6.556126864917093,5,5,8,8
豆制品/粮食发酵副产物,轻度,明确可追溯,良,,,0,0,中,低,无害化兜底,柑橘皮/葡萄皮/葡萄籽/猕猴桃副产物/脐橙副产物/水晶梨副产物/混合果渣,差,1.7368208184637575,8,8,8,5
豆制品/粮食发酵副产物,无,来源不明,差,,,0,1,高,低,材料主线,花生壳/板栗壳,优/良/差,6.821359247888721,5,5,8,8
花生壳/板栗壳,轻度,基本可追溯,差,,,0,1,中,低,无害化兜底,茶渣,差,5.114643913274587,8,8,8,5
果渣（柑橘/葡萄/猕猴桃等）,轻度,基本可追溯,优,,否,1,1,高,中,食品支线,柑橘皮/脐橙副产物/猕猴桃副产物/水晶梨副产物,优/良,9.791535337514315,5,5,5,8
茶渣,无,基本可追溯,差,否,,0,1,中高,低,农用利用/兜底去向,豆腐渣/客家黄酒酒糟,差（优/良也可）,6.321812035426879,8,8,8,5
果渣（柑橘/葡萄/猕猴桃等）,严重,来源不明,优,,否,1,1,高,中高,食品支线,葡萄皮/柑橘皮/脐橙副产物/猕猴桃副产物,优/良,0.13021369028673535,5,5,5,8
中药残余废弃物,轻度,来源不明,差,,,1,0,中,中高,农用资源化,五指毛桃残余/布惊根残余/黄板树根残余/其他来源明确且安全性较可控的中药残余,优/良,4.455873663168693,5,5,5,5
茶渣,轻度,来源不明,良,是,,0,1,高,中,材料主线,花生壳/板栗壳,优/良,5.9305423019894885,5,5,5,8
中药残余废弃物,轻度,基本可追溯,优,,,0,0,中,低,无害化兜底,茶渣,差,1.7088320955146985,8,8,8,5
茶渣,无,明确可追溯,差,是,,1,0,中,高,食品支线,茶渣,优,4.180505189817969,5,5,2,5
茶渣,无,明确可追溯,优,否,,0,1,中,低,能源化利用,花生壳/板栗壳,差（优/良也可）,4.6622908677761075,8,8,8,5
果渣（柑橘/葡萄/猕猴桃等）,严重,来源不明,优,,是,0,1,高,低,前处理稳定化,豆腐渣/客家黄酒酒糟,优/良/差,6.763608831244614,5,5,8,8
中药残余废弃物,严重,来源不明,优,,,0,1,中高,低,农用材料路线,花生壳/板栗壳,良/差（优也可）,6.2618706288791,5,5,8,5
豆制品/粮食发酵副产物,严重,基本可追溯,差,,,0,0,高,中高,食品支线,葡萄皮/柑橘皮/脐橙副产物/猕猴桃副产物,优/良,0.20999666191260358,5,5,5,8
果渣（柑橘/葡萄/猕猴桃等）,轻度,明确可追溯,优,,是,0,1,高,低,材料主线,花生壳/板栗壳,优/良/差,6.8572007097514645,5,5,8,8
茶渣,严重,基本可追溯,优,是,,0,1,中高,低,农用利用/兜底去向,豆腐渣/客家黄酒酒糟,差（优/良也可）,6.050183355419128,8,8,8,5
果渣（柑橘/葡萄/猕猴桃等）,无,明确可追溯,良,,是,1,1,中高,低,材料主线,柑橘皮/葡萄皮/猕猴桃副产物/脐橙副产物/水晶梨副产物/提取后残渣,优/良/差,9.623556130840822,5,5,8,5
果渣（柑橘/葡萄/猕猴桃等）,无,基本可追溯,优,,是,0,1,高,中,材料主线,豆腐渣/客家黄酒酒糟,良/差（优也可）,5.959592402274508,5,5,5,8
中药残余废弃物,轻度,基本可追溯,差,,,0,1,高,中,材料主线,豆腐渣/客家黄酒酒糟,良/差（优也可）,5.7908918480777025,5,5,5,8
茶渣,无,基本可追溯,差,是,,0,0,中,中高,农用资源化,五指毛桃残余/布惊根残余/黄板树根残余/其他来源明确且安全性较可控的中药残余,优/良,0.012102007236048817,5,5,5,5
豆制品/粮食发酵副产物,轻度,明确可追溯,良,,,0,1,高,中高,食品支线,葡萄籽,优/良,5.260058356698797,5,5,5,8
花生壳/板栗壳,轻度,来源不明,差,,,0,1,中,低,无害化兜底,茶渣,差,5.302926818041479,8,8,8,5
果渣（柑橘/葡萄/猕猴桃等）,严重,来源不明,优,,否,0,0,中,低,无害化兜底,茶渣,差,2.4821068905935935,8,8,8,5
豆制品/粮食发酵副产物,严重,明确可追溯,差,,,0,1,中,低,无害化兜底,柑橘皮/葡萄皮/葡萄籽/猕猴桃副产物/脐橙副产物/水晶梨副产物/混合果渣,差,5.327095152560963,8,8,8,5
花生壳/板栗壳,严重,明确可追溯,良,,,0,0,中,低,无害化兜底,柑橘皮/葡萄皮/葡萄籽/猕猴桃副产物/脐橙副产物/水晶梨副产物/混合果渣,差,1.6171425351502746,8,8,8,5
豆制品/粮食发酵副产物,严重,来源不明,良,,,0,1,高,低,材料主线,茶渣,优/良/差,6.761491642920929,5,5,8,8
花生壳/板栗壳,严重,明确可追溯,优,,,0,1,高,中,材料主线,豆腐渣/客家黄酒酒糟,良/差（优也可）,6.21506850149101,5,5,5,8
茶渣,轻度,明确可追溯,优,否,,0,1,中,中高,农用资源化,五指毛桃残余/布惊根残余/黄板树根残余/其他来源明确且安全性较可控的中药残余,优/良,3.473385855361828,5,5,5,5
茶渣,严重,基本可追溯,差,否,,0,1,中,低,无害化兜底,柑橘皮/葡萄皮/葡萄籽/猕猴桃副产物/脐橙副产物/水晶梨副产物/混合果渣,差,4.981605054113963,8,8,8,5
中药残余废弃物,严重,明确可追溯,差,,,0,1,中高,低,农用材料路线,花生壳/板栗壳,良/差（优也可）,5.6083383299158,5,5,8,5
茶渣,轻度,基本可追溯,差,否,,0,0,中高,中高,食品支线,豆腐渣为主/客家黄酒酒糟为辅,优/良,0.9747304112177748,5,5,5,5
花生壳/板栗壳,轻度,基本可追溯,良,,,0,1,高,中高,食品支线,葡萄皮/柑橘皮/脐橙副产物/猕猴桃副产物,优/良,4.9974549828423855,5,5,5,8
中药残余废弃物,轻度,来源不明,良,,,0,1,高,中,材料主线,豆腐渣/客家黄酒酒糟,良/差（优也可）,6.421351126520723,5,5,5,8
中药残余废弃物,无,基本可追溯,优,,,1,1,高,低到中,材料主线,五指毛桃残余/布惊根残余/黄板树根残余/其他根茎木质型中药残余,优/良/差,8.610500404642822,5,5,5,8
茶渣,无,明确可追溯,差,是,,0,0,高,中,材料主线,花生壳/板栗壳,优/良,2.9943854467186197,5,5,5,8
豆制品/粮食发酵副产物,轻度,明确可追溯,良,,,0,0,中,高,食品支线,茶渣,优,0.09813023268983123,5,5,2,5
豆制品/粮食发酵副产物,无,来源不明,优,,,1,1,中高,低,农用利用/兜底去向,豆腐渣/客家黄酒酒糟,差（优/良也可）,9.618220565749073,8,8,8,5
花生壳/板栗壳,严重,来源不明,差,,,0,1,高,中,材料主线,豆腐渣/客家黄酒酒糟,良/差（优也可）,5.960278476374171,5,5,5,8
花生壳/板栗壳,轻度,来源不明,差,,,0,0,中,中高,农用资源化,五指毛桃残余/布惊根残余/黄板树根残余/其他来源明确且安全性较可控的中药残余,优/良,0.3013363736856216,5,5,5,5
中药残余废弃物,轻度,基本可追溯,良,,,0,0,中,低,无害化兜底,柑橘皮/葡萄皮/葡萄籽/猕猴桃副产物/脐橙副产物/水晶梨副产物/混合果渣,差,1.9744942516195807,8,8,8,5
茶渣,无,基本可追溯,良,否,,0,1,中,中高,农用资源化,五指毛桃残余/布惊根残余/黄板树根残余/其他来源明确且安全性较可控的中药残余,优/良,3.1552408973436505,5,5,5,5
果渣（柑橘/葡萄/猕猴桃等）,轻度,基本可追溯,差,,否,0,1,高,低,前处理稳定化,豆腐渣/客家黄酒酒糟,优/良/差,6.526298403306328,5,5,8,8
豆制品/粮食发酵副产物,轻度,明确可追溯,差,,,0,0,高,中,材料主线,花生壳/板栗壳,优/良,2.6864272277249985,5,5,5,8
中药残余废弃物,严重,来源不明,优,,,0,0,中,低,无害化兜底,柑橘皮/葡萄皮/葡萄籽/猕猴桃副产物/脐橙副产物/水晶梨副产物/混合果渣,差,1.5083604145113907,8,8,8,5
中药残余废弃物,轻度,来源不明,良,,,0,1,高,中,食品支线,柑橘皮/脐橙副产物/猕猴桃副产物/水晶梨副产物,优/良,5.6932161884068,5,5,5,8
花生壳/板栗壳,严重,基本可追溯,良,,,0,1,高,低到中,材料主线,五指毛桃残余/布惊根残余/黄板树根残余/其他根茎木质型中药残余,优/良/差,4.57978124939002,5,5,5,8
花生壳/板栗壳,严重,明确可追溯,优,,,1,1,高,低,材料主线,花生壳/板栗壳,优/良/差,10.908085202516421,5,5,8,8
豆制品/粮食发酵副产物,无,基本可追溯,良,,,0,1,中高,低,农用材料路线,花生壳/板栗壳,良/差（优也可）,6.128670036422935,5,5,8,5
中药残余废弃物,严重,来源不明,良,,,0,1,高,低,前处理稳定化,豆腐渣/客家黄酒酒糟,优/良/差,6.952112554069956,5,5,8,8
花生壳/板栗壳,无,基本可追溯,差,,,1,1,高,低,材料主线,花生壳/板栗壳,优/良/差,10.66680238459992,5,5,8,8
茶渣,严重,明确可追溯,差,是,,1,1,中,低,无害化兜底,茶渣,差,8.505639455960274,8,8,8,5
茶渣,轻度,明确可追溯,优,否,,0,1,中,中高,农用资源化,五指毛桃残余/布惊根残余/黄板树根残余/其他来源明确且安全性较可控的中药残余,优/良,2.812338891526291,5,5,5,5
茶渣,无,基本可追溯,差,否,,0,1,中高,低,农用利用/兜底去向,豆腐渣/客家黄酒酒糟,差（优/良也可）,6.4801349903092795,8,8,8,5
茶渣,严重,来源不明,优,否,,0,1,中高,低,农用利用/兜底去向,豆腐渣/客家黄酒酒糟,差（优/良也可）,5.801459971450765,8,8,8,5
果渣（柑橘/葡萄/猕猴桃等）,无,基本可追溯,良,,否,0,0,中,低,无害化兜底,茶渣,差,1.834488209491842,8,8,8,5
豆制品/粮食发酵副产物,轻度,明确可追溯,良,,,0,0,中,低,无害化兜底,柑橘皮/葡萄皮/葡萄籽/猕猴桃副产物/脐橙副产物/水晶梨副产物/混合果渣,差,2.1670132948749985,8,8,8,5
中药残余废弃物,轻度,来源不明,良,,,1,1,中,中高,农用资源化,五指毛桃残余/布惊根残余/黄板树根残余/其他来源明确且安全性较可控的中药残余,优/良,7.239793694278642,5,5,5,5
茶渣,无,基本可追溯,差,是,,0,0,高,中高,食品支线,葡萄皮/柑橘皮/脐橙副产物/猕猴桃副产物,优/良,2.3116065013314686,5,5,5,8
花生壳/板栗壳,无,明确可追溯,优,,,0,1,高,中,材料主线,茶渣,优/良,6.145019288471567,5,5,5,8
果渣（柑橘/葡萄/猕猴桃等）,严重,基本可追溯,优,,否,0,1,中,低,能源化利用,花生壳/板栗壳,差（优/良也可）,5.171757183069188,8,8,8,5
中药残余废弃物,无,来源不明,优,,,0,0,中,低,无害化兜底,柑橘皮/葡萄皮/葡萄籽/猕猴桃副产物/脐橙副产物/水晶梨副产物/混合果渣,差,2.343758457964131,8,8,8,5
中药残余废弃物,无,基本可追溯,差,,,0,0,高,中,材料主线,花生壳/板栗壳,优/良,2.5134138683370213,5,5,5,8
茶渣,轻度,来源不明,优,否,,0,1,高,中,材料主线,花生壳/板栗壳,优/良,6.121540785712608,5,5,5,8
茶渣,无,明确可追溯,差,是,,0,1,高,中,材料主线,豆腐渣/客家黄酒酒糟,良/差（优也可）,5.752599031581171,5,5,5,8
豆制品/粮食发酵副产物,轻度,基本可追溯,良,,,0,1,中高,低,材料主线,柑橘皮/葡萄皮/猕猴桃副产物/脐橙副产物/水晶梨副产物/提取后残渣,优/良/差,6.455747017130935,5,5,8,5
中药残余废弃物,轻度,来源不明,差,,,0,1,高,中,材料主线,豆腐渣/客家黄酒酒糟,良/差（优也可）,6.277741462105847,5,5,5,8
果渣（柑橘/葡萄/猕猴桃等）,严重,基本可追溯,优,,否,0,0,中,低,无害化兜底,茶渣,差,1.6093805945682733,8,8,8,5
茶渣,轻度,来源不明,良,否,,0,1,中高,中高,食品支线,豆腐渣为主/客家黄酒酒糟为辅,优/良,3.8152614781846683,5,5,5,5
果渣（柑橘/葡萄/猕猴桃等）,严重,来源不明,差,,是,0,0,中,中高,农用资源化,五指毛桃残余/布惊根残余/黄板树根残余/其他来源明确且安全性较可控的中药残余,优/良,0.16149749229089005,5,5,5,5
花生壳/板栗壳,无,基本可追溯,良,,,1,1,中,低,能源化利用,花生壳/板栗壳,差（优/良也可）,8.759974221899716,8,8,8,5
花生壳/板栗壳,无,基本可追溯,良,,,1,1,中高,低,农用材料路线,花生壳/板栗壳,良/差（优也可）,9.54774672468504,5,5,8,5
果渣（柑橘/葡萄/猕猴桃等）,无,明确可追溯,良,,是,0,1,中高,低,农用利用/兜底去向,豆腐渣/客家黄酒酒糟,差（优/良也可）,5.533154972950799,8,8,8,5
果渣（柑橘/葡萄/猕猴桃等）,严重,来源不明,优,,是,0,1,中,高,食品支线,茶渣,优,0.0,5,5,2,5
果渣（柑橘/葡萄/猕猴桃等）,严重,来源不明,良,,否,1,1,高,中高,食品支线,葡萄皮/柑橘皮/脐橙副产物/猕猴桃副产物,优/良,0.2449427004921031,5,5,5,8
果渣（柑橘/葡萄/猕猴桃等）,轻度,来源不明,良,,否,0,1,中高,中高,食品支线,豆腐渣为主/客家黄酒酒糟为辅,优/良,3.523932276987127,5,5,5,5
茶渣,轻度,明确可追溯,良,否,,0,1,高,低,材料主线,花生壳/板栗壳,优/良/差,7.284729282355801,5,5,8,8
果渣（柑橘/葡萄/猕猴桃等）,严重,来源不明,差,,是,0,0,中高,中高,食品支线,豆腐渣为主/客家黄酒酒糟为辅,优/良,0.3191198886267268,5,5,5,5
豆制品/粮食发酵副产物,无,来源不明,差,,,0,1,高,低,材料主线,茶渣,优/良/差,7.392512199726605,5,5,8,8
豆制品/粮食发酵副产物,无,明确可追溯,优,,,0,1,中高,低,材料主线,柑橘皮/葡萄皮/猕猴桃副产物/脐橙副产物/水晶梨副产物/提取后残渣,优/良/差,6.0086254825864085,5,5,8,5
豆制品/粮食发酵副产物,无,基本可追溯,差,,,1,1,高,低,前处理稳定化,豆腐渣/客家黄酒酒糟,优/良/差,11.319597643031095,5,5,8,8
中药残余废弃物,轻度,基本可追溯,差,,,0,1,中高,低,农用材料路线,花生壳/板栗壳,良/差（优也可）,6.0859383393613165,5,5,8,5
中药残余废弃物,严重,基本可追溯,差,,,0,1,高,低,材料主线,花生壳/板栗壳,优/良/差,7.2692112495244166,5,5,8,8
果渣（柑橘/葡萄/猕猴桃等）,严重,来源不明,良,,否,1,1,高,中高,食品支线,葡萄皮/柑橘皮/脐橙副产物/猕猴桃副产物,优/良,0.4085125124938659,5,5,5,8
茶渣,轻度,基本可追溯,差,否,,0,0,中高,中高,食品支线,豆腐渣为主/客家黄酒酒糟为辅,优/良,1.2350781321745845,5,5,5,5
中药残余废弃物,无,明确可追溯,良,,,0,0,中,高,食品支线,茶渣,优,0.0,5,5,2,5
花生壳/板栗壳,严重,基本可追溯,良,,,0,1,中高,低,农用利用/兜底去向,豆腐渣/客家黄酒酒糟,差（优/良也可）,6.090015394755367,8,8,8,5
果渣（柑橘/葡萄/猕猴桃等）,严重,基本可追溯,良,,是,0,1,中,低,能源化利用,花生壳/板栗壳,差（优/良也可）,5.258250212573397,8,8,8,5
中药残余废弃物,严重,来源不明,优,,,0,1,高,低,材料主线,花生壳/板栗壳,优/良/差,6.534667031450465,5,5,8,8
果渣（柑橘/葡萄/猕猴桃等）,无,基本可追溯,良,,否,1,1,中高,低,材料主线,柑橘皮/葡萄皮/猕猴桃副产物/脐橙副产物/水晶梨副产物/提取后残渣,优/良/差,10.4908461817651,5,5,8,5
果渣（柑橘/葡萄/猕猴桃等）,轻度,明确可追溯,优,,否,0,1,中高,中高,食品支线,豆腐渣为主/客家黄酒酒糟为辅,优/良,3.7011074205944077,5,5,5,5
果渣（柑橘/葡萄/猕猴桃等）,严重,明确可追溯,优,,否,1,1,高,中高,食品支线,葡萄皮/柑橘皮/脐橙副产物/猕猴桃副产物,优/良,0.0,5,5,5,8
茶渣,严重,来源不明,差,是,,0,1,中高,低,材料主线,柑橘皮/葡萄皮/猕猴桃副产物/脐橙副产物/水晶梨副产物/提取后残渣,优/良/差,6.294409841119696,5,5,8,5
茶渣,严重,基本可追溯,优,是,,1,1,中,高,食品支线,茶渣,优,0.0,5,5,2,5
花生壳/板栗壳,无,来源不明,良,,,0,1,中,中高,农用资源化,五指毛桃残余/布惊根残余/黄板树根残余/其他来源明确且安全性较可控的中药残余,优/良,2.9546992142645463,5,5,5,5
花生壳/板栗壳,严重,明确可追溯,良,,,0,1,中高,低,农用利用/兜底去向,豆腐渣/客家黄酒酒糟,差（优/良也可）,6.433933827759078,8,8,8,5
果渣（柑橘/葡萄/猕猴桃等）,无,来源不明,优,,否,0,1,高,中高,食品支线,葡萄籽,优/良,4.8653241324802075,5,5,5,8
中药残余废弃物,严重,基本可追溯,优,,,0,1,高,低,材料主线,花生壳/板栗壳,优/良/差,6.558346829270862,5,5,8,8
中药残余废弃物,轻度,基本可追溯,差,,,0,1,中高,低,农用材料路线,花生壳/板栗壳,良/差（优也可）,6.323278637900081,5,5,8,5
豆制品/粮食发酵副产物,轻度,基本可追溯,差,,,1,0,中高,中高,食品支线,豆腐渣为主/客家黄酒酒糟为辅,优/良,5.272270320030581,5,5,5,5
中药残余废弃物,无,明确可追溯,良,,,0,1,高,中,材料主线,茶渣,优/良,5.72843926491544,5,5,5,8
茶渣,严重,来源不明,良,否,,0,1,高,中,材料主线,豆腐渣/客家黄酒酒糟,良/差（优也可）,6.0109993220826015,5,5,5,8
豆制品/粮食发酵副产物,严重,基本可追溯,优,,,0,1,高,中,食品支线,柑橘皮/脐橙副产物/猕猴桃副产物/水晶梨副产物,优/良,0.27655993141497304,5,5,5,8
花生壳/板栗壳,无,基本可追溯,差,,,1,1,中,低,能源化利用,花生壳/板栗壳,差（优/良也可）,9.170421633007486,8,8,8,5
果渣（柑橘/葡萄/猕猴桃等）,严重,基本可追溯,优,,是,0,1,中高,低,农用材料路线,花生壳/板栗壳,良/差（优也可）,6.433436274363757,5,5,8,5
中药残余废弃物,无,基本可追溯,差,,,0,1,中,低,无害化兜底,柑橘皮/葡萄皮/葡萄籽/猕猴桃副产物/脐橙副产物/水晶梨副产物/混合果渣,差,5.00638920569521,8,8,8,5
茶渣,无,来源不明,良,否,,0,1,中高,低,农用利用/兜底去向,豆腐渣/客家黄酒酒糟,差（优/良也可）,6.255679440634369,8,8,8,5
豆制品/粮食发酵副产物,轻度,明确可追溯,优,,,0,1,高,低到中,材料主线,五指毛桃残余/布惊根残余/黄板树根残余/其他根茎木质型中药残余,优/良/差,4.904153856356134,5,5,5,8
豆制品/粮食发酵副产物,严重,明确可追溯,良,,,0,1,高,中,食品支线,柑橘皮/脐橙副产物/猕猴桃副产物/水晶梨副产物,优/良,0.07663009461745462,5,5,5,8
果渣（柑橘/葡萄/猕猴桃等）,轻度,来源不明,良,,是,0,0,中,低,无害化兜底,茶渣,差,1.6090634247035118,8,8,8,5
果渣（柑橘/葡萄/猕猴桃等）,严重,来源不明,优,,是,0,1,高,低,材料主线,花生壳/板栗壳,优/良/差,6.7541046681246595,5,5,8,8
茶渣,轻度,来源不明,差,是,,0,1,中高,低,农用利用/兜底去向,豆腐渣/客家黄酒酒糟,差（优/良也可）,5.7104284032586605,8,8,8,5
中药残余废弃物,轻度,来源不明,优,,,0,1,高,中,材料主线,茶渣,优/良,5.834059707963032,5,5,5,8
豆制品/粮食发酵副产物,无,明确可追溯,良,,,0,1,中,中高,农用资源化,五指毛桃残余/布惊根残余/黄板树根残余/其他来源明确且安全性较可控的中药残余,优/良,2.5687777807960184,5,5,5,5
茶渣,轻度,来源不明,差,否,,0,1,中,低,无害化兜底,柑橘皮/葡萄皮/葡萄籽/猕猴桃副产物/脐橙副产物/水晶梨副产物/混合果渣,差,5.182052167967722,8,8,8,5
花生壳/板栗壳,轻度,明确可追溯,良,,,0,1,高,中,材料主线,茶渣,优/良,5.636705278118885,5,5,5,8
花生壳/板栗壳,无,明确可追溯,良,,,0,1,高,中,食品支线,柑橘皮/脐橙副产物/猕猴桃副产物/水晶梨副产物,优/良,6.325065310488835,5,5,5,8
中药残余废弃物,无,明确可追溯,良,,,0,1,中高,低,材料主线,柑橘皮/葡萄皮/猕猴桃副产物/脐橙副产物/水晶梨副产物/提取后残渣,优/良/差,6.149506871082331,5,5,8,5
茶渣,无,基本可追溯,良,是,,0,1,高,低,材料主线,花生壳/板栗壳,优/良/差,6.665523532894397,5,5,8,8
果渣（柑橘/葡萄/猕猴桃等）,无,基本可追溯,差,,是,0,1,高,低,前处理稳定化,豆腐渣/客家黄酒酒糟,优/良/差,7.1038061317926315,5,5,8,8
豆制品/粮食发酵副产物,无,明确可追溯,良,,,0,1,高,低到中,材料主线,五指毛桃残余/布惊根残余/黄板树根残余/其他根茎木质型中药残余,优/良/差,4.824720327912498,5,5,5,8
豆制品/粮食发酵副产物,严重,基本可追溯,差,,,1,0,中高,中高,食品支线,豆腐渣为主/客家黄酒酒糟为辅,优/良,0.49131255088255976,5,5,5,5
茶渣,严重,来源不明,差,否,,0,0,高,中,食品支线,柑橘皮/脐橙副产物/猕猴桃副产物/水晶梨副产物,优/良,0.13250397634126465,5,5,5,8
豆制品/粮食发酵副产物,严重,基本可追溯,差,,,0,1,中,低,无害化兜底,柑橘皮/葡萄皮/葡萄籽/猕猴桃副产物/脐橙副产物/水晶梨副产物/混合果渣,差,4.874182151152631,8,8,8,5
果渣（柑橘/葡萄/猕猴桃等）,轻度,明确可追溯,良,,否,0,1,高,中,材料主线,茶渣,优/良,6.060951983545841,5,5,5,8
果渣（柑橘/葡萄/猕猴桃等）,严重,明确可追溯,良,,是,0,1,高,中,材料主线,花生壳/板栗壳,优/良,6.422604296083385,5,5,5,8
花生壳/板栗壳,严重,来源不明,良,,,0,1,高,低到中,材料主线,五指毛桃残余/布惊根残余/黄板树根残余/其他根茎木质型中药残余,优/良/差,5.0078409640222326,5,5,5,8
茶渣,无,明确可追溯,优,否,,0,1,高,中高,食品支线,葡萄籽,优/良,4.680301603476549,5,5,5,8
茶渣,严重,明确可追溯,优,否,,0,1,高,中,食品支线,柑橘皮/脐橙副产物/猕猴桃副产物/水晶梨副产物,优/良,0.0,5,5,5,8
花生壳/板栗壳,轻度,基本可追溯,良,,,0,1,中高,低,材料主线,柑橘皮/葡萄皮/猕猴桃副产物/脐橙副产物/水晶梨副产物/提取后残渣,优/良/差,6.457397587720617,5,5,8,5
豆制品/粮食发酵副产物,严重,基本可追溯,优,,,0,0,中,低,无害化兜底,柑橘皮/葡萄皮/葡萄籽/猕猴桃副产物/脐橙副产物/水晶梨副产物/混合果渣,差,1.8205311179024484,8,8,8,5
豆制品/粮食发酵副产物,无,明确可追溯,良,,,0,1,高,低,材料主线,茶渣,优/良/差,7.128000097149073,5,5,8,8
茶渣,严重,来源不明,良,是,,0,1,高,低,前处理稳定化,豆腐渣/客家黄酒酒糟,优/良/差,6.691384068867923,5,5,8,8
豆制品/粮食发酵副产物,轻度,明确可追溯,良,,,0,1,高,低,材料主线,花生壳/板栗壳,优/良/差,6.564178481237145,5,5,8,8
豆制品/粮食发酵副产物,严重,来源不明,良,,,0,0,中,低,无害化兜底,柑橘皮/葡萄皮/葡萄籽/猕猴桃副产物/脐橙副产物/水晶梨副产物/混合果渣,差,2.206714276037635,8,8,8,5
花生壳/板栗壳,轻度,明确可追溯,差,,,0,1,高,低,前处理稳定化,豆腐渣/客家黄酒酒糟,优/良/差,7.342901136508029,5,5,8,8
中药残余废弃物,无,基本可追溯,优,,,0,1,高,低,材料主线,茶渣,优/良/差,7.229938662202333,5,5,8,8
中药残余废弃物,无,明确可追溯,良,,,0,1,高,中,材料主线,花生壳/板栗壳,优/良,6.2680673778864495,5,5,5,8
豆制品/粮食发酵副产物,轻度,明确可追溯,良,,,0,1,中,中高,农用资源化,五指毛桃残余/布惊根残余/黄板树根残余/其他来源明确且安全性较可控的中药残余,优/良,3.1143216019139244,5,5,5,5
豆制品/粮食发酵副产物,严重,来源不明,优,,,1,1,中高,中高,食品支线,豆腐渣为主/客家黄酒酒糟为辅,优/良,0.0,5,5,5,5
果渣（柑橘/葡萄/猕猴桃等）,轻度,基本可追溯,优,,是,0,1,中,高,食品支线,茶渣,优,2.5859342504512925,5,5,2,5
花生壳/板栗壳,严重,来源不明,差,,,0,0,中,中高,农用资源化,五指毛桃残余/布惊根残余/黄板树根残余/其他来源明确且安全性较可控的中药残余,优/良,0.17766133088600344,5,5,5,5
中药残余废弃物,轻度,基本可追溯,差,,,0,1,中,低,能源化利用,花生壳/板栗壳,差（优/良也可）,5.220276437186598,8,8,8,5
茶渣,严重,明确可追溯,优,是,,0,1,中高,低,材料主线,柑橘皮/葡萄皮/猕猴桃副产物/脐橙副产物/水晶梨副产物/提取后残渣,优/良/差,5.751515115629369,5,5,8,5
中药残余废弃物,轻度,来源不明,良,,,0,1,中高,中高,食品支线,豆腐渣为主/客家黄酒酒糟为辅,优/良,3.742384413334961,5,5,5,5
豆制品/粮食发酵副产物,轻度,来源不明,优,,,0,1,高,低到中,材料主线,五指毛桃残余/布惊根残余/黄板树根残余/其他根茎木质型中药残余,优/良/差,5.258305730198163,5,5,5,8
花生壳/板栗壳,严重,明确可追溯,差,,,0,1,高,低,前处理稳定化,豆腐渣/客家黄酒酒糟,优/良/差,6.853298164936004,5,5,8,8
茶渣,轻度,来源不明,优,是,,0,1,高,中,材料主线,花生壳/板栗壳,优/良,6.073197614646792,5,5,5,8
果渣（柑橘/葡萄/猕猴桃等）,无,来源不明,良,,否,0,1,高,低,材料主线,花生壳/板栗壳,优/良/差,6.579476801939841,5,5,8,8
花生壳/板栗壳,严重,来源不明,良,,,0,1,高,低,材料主线,茶渣,优/良/差,7.493922361885412,5,5,8,8
果渣（柑橘/葡萄/猕猴桃等）,无,来源不明,优,,是,0,1,高,低,材料主线,茶渣,优/良/差,7.448882006184967,5,5,8,8
花生壳/板栗壳,严重,明确可追溯,优,,,0,1,高,中,材料主线,茶渣,优/良,5.555600611037741,5,5,5,8
果渣（柑橘/葡萄/猕猴桃等）,严重,基本可追溯,差,,是,1,1,中,低,无害化兜底,柑橘皮/葡萄皮/葡萄籽/猕猴桃副产物/脐橙副产物/水晶梨副产物/混合果渣,差,8.920357929922819,8,8,8,5
果渣（柑橘/葡萄/猕猴桃等）,严重,明确可追溯,良,,是,0,1,高,中,材料主线,茶渣,优/良,5.837187771473686,5,5,5,8
豆制品/粮食发酵副产物,无,基本可追溯,良,,,0,0,中,低,无害化兜底,茶渣,差,1.9722031867295828,8,8,8,5
茶渣,严重,明确可追溯,良,否,,1,1,高,中,材料主线,茶渣,优/良,9.635386402403254,5,5,5,8
花生壳/板栗壳,无,基本可追溯,差,,,0,0,高,中高,食品支线,葡萄皮/柑橘皮/脐橙副产物/猕猴桃副产物,优/良,1.891057120039655,5,5,5,8
中药残余废弃物,轻度,来源不明,良,,,0,1,高,低,材料主线,花生壳/板栗壳,优/良/差,6.988790897006417,5,5,8,8
果渣（柑橘/葡萄/猕猴桃等）,无,基本可追溯,良,,是,1,1,中高,低,材料主线,柑橘皮/葡萄皮/猕猴桃副产物/脐橙副产物/水晶梨副产物/提取后残渣,优/良/差,10.311305950095093,5,5,8,5
中药残余废弃物,严重,明确可追溯,良,,,0,1,中高,低,材料主线,柑橘皮/葡萄皮/猕猴桃副产物/脐橙副产物/水晶梨副产物/提取后残渣,优/良/差,5.9470838612557495,5,5,8,5
中药残余废弃物,轻度,基本可追溯,良,,,0,1,中高,中高,食品支线,豆腐渣为主/客家黄酒酒糟为辅,优/良,3.5413840220176316,5,5,5,5
中药残余废弃物,无,明确可追溯,良,,,0,1,高,低,前处理稳定化,豆腐渣/客家黄酒酒糟,优/良/差,7.322782614294901,5,5,8,8
豆制品/粮食发酵副产物,无,明确可追溯,优,,,0,1,高,中高,食品支线,葡萄籽,优/良,4.893209346071644,5,5,5,8
中药残余废弃物,严重,来源不明,优,,,0,1,中高,低,农用材料路线,花生壳/板栗壳,良/差（优也可）,6.06693216633594,5,5,8,5
果渣（柑橘/葡萄/猕猴桃等）,严重,来源不明,良,,否,1,1,高,中高,食品支线,葡萄皮/柑橘皮/脐橙副产物/猕猴桃副产物,优/良,0.0,5,5,5,8
中药残余废弃物,轻度,基本可追溯,差,,,0,0,高,中,材料主线,茶渣,优/良,2.6884849490701583,5,5,5,8
豆制品/粮食发酵副产物,严重,来源不明,优,,,0,1,高,低,材料主线,花生壳/板栗壳,优/良/差,6.858300639576145,5,5,8,8
果渣（柑橘/葡萄/猕猴桃等）,严重,明确可追溯,良,,否,0,1,中,中高,农用资源化,五指毛桃残余/布惊根残余/黄板树根残余/其他来源明确且安全性较可控的中药残余,优/良,3.1780902599594096,5,5,5,5
中药残余废弃物,无,来源不明,良,,,0,1,中高,低,农用材料路线,花生壳/板栗壳,良/差（优也可）,5.981881078551287,5,5,8,5
果渣（柑橘/葡萄/猕猴桃等）,严重,基本可追溯,差,,是,0,1,中高,低,农用利用/兜底去向,豆腐渣/客家黄酒酒糟,差（优/良也可）,6.343702355998146,8,8,8,5
茶渣,严重,基本可追溯,优,是,,1,1,中,高,食品支线,茶渣,优,0.0,5,5,2,5
中药残余废弃物,严重,基本可追溯,良,,,0,1,中高,低,材料主线,柑橘皮/葡萄皮/猕猴桃副产物/脐橙副产物/水晶梨副产物/提取后残渣,优/良/差,6.334803444439676,5,5,8,5
茶渣,轻度,来源不明,优,是,,0,0,中,低,无害化兜底,柑橘皮/葡萄皮/葡萄籽/猕猴桃副产物/脐橙副产物/水晶梨副产物/混合果渣,差,1.865431858121287,8,8,8,5
花生壳/板栗壳,严重,来源不明,优,,,1,1,中,低,能源化利用,花生壳/板栗壳,差（优/良也可）,9.415203611811616,8,8,8,5
中药残余废弃物,严重,基本可追溯,差,,,0,1,高,低,前处理稳定化,豆腐渣/客家黄酒酒糟,优/良/差,6.911128356347391,5,5,8,8
豆制品/粮食发酵副产物,严重,来源不明,差,,,1,1,中高,低,农用利用/兜底去向,豆腐渣/客家黄酒酒糟,差（优/良也可）,10.317617029319912,8,8,8,5
中药残余废弃物,严重,来源不明,差,,,0,1,中,低,无害化兜底,柑橘皮/葡萄皮/葡萄籽/猕猴桃副产物/脐橙副产物/水晶梨副产物/混合果渣,差,5.4738653604664975,8,8,8,5
花生壳/板栗壳,轻度,来源不明,优,,,0,0,中,低,无害化兜底,茶渣,差,2.0890660607748117,8,8,8,5
豆制品/粮食发酵副产物,无,基本可追溯,差,,,0,1,中,低,能源化利用,花生壳/板栗壳,差（优/良也可）,4.6013167739320355,8,8,8,5
茶渣,轻度,基本可追溯,优,否,,0,1,中高,低,材料主线,柑橘皮/葡萄皮/猕猴桃副产物/脐橙副产物/水晶梨副产物/提取后残渣,优/良/差,5.919790937871407,5,5,8,5
花生壳/板栗壳,轻度,基本可追溯,良,,,0,1,中高,低,材料主线,柑橘皮/葡萄皮/猕猴桃副产物/脐橙副产物/水晶梨副产物/提取后残渣,优/良/差,6.493477173138191,5,5,8,5
茶渣,轻度,来源不明,优,否,,0,1,中高,低,农用利用/兜底去向,豆腐渣/客家黄酒酒糟,差（优/良也可）,6.2631154545727235,8,8,8,5
茶渣,轻度,基本可追溯,差,是,,0,1,中,低,能源化利用,花生壳/板栗壳,差（优/良也可）,4.5736178284949816,8,8,8,5
果渣（柑橘/葡萄/猕猴桃等）,轻度,明确可追溯,差,,否,0,1,高,中,材料主线,豆腐渣/客家黄酒酒糟,良/差（优也可）,5.750380784814509,5,5,5,8
茶渣,严重,基本可追溯,差,否,,0,1,中高,低,农用材料路线,花生壳/板栗壳,良/差（优也可）,6.11966594633031,5,5,8,5
豆制品/粮食发酵副产物,严重,明确可追溯,良,,,0,0,中,低,无害化兜底,柑橘皮/葡萄皮/葡萄籽/猕猴桃副产物/脐橙副产物/水晶梨副产物/混合果渣,差,2.2646117179929903,8,8,8,5
茶渣,无,来源不明,优,是,,0,1,中高,低,材料主线,柑橘皮/葡萄皮/猕猴桃副产物/脐橙副产物/水晶梨副产物/提取后残渣,优/良/差,5.713405016364673,5,5,8,5
茶渣,无,来源不明,良,是,,1,0,中,低,无害化兜底,茶渣,差,5.694088587884847,8,8,8,5
中药残余废弃物,严重,基本可追溯,优,,,0,1,中,低,能源化利用,花生壳/板栗壳,差（优/良也可）,4.871943557415818,8,8,8,5
茶渣,轻度,明确可追溯,良,是,,0,1,高,中高,食品支线,葡萄籽,优/良,4.887009369603603,5,5,5,8
花生壳/板栗壳,无,基本可追溯,差,,,0,1,中,低,无害化兜底,柑橘皮/葡萄皮/葡萄籽/猕猴桃副产物/脐橙副产物/水晶梨副产物/混合果渣,差,5.344583958221351,8,8,8,5
中药残余废弃物,无,明确可追溯,差,,,0,0,高,中,材料主线,茶渣,优/良,3.4101478773878133,5,5,5,8
豆制品/粮食发酵副产物,无,基本可追溯,差,,,0,1,中,低,能源化利用,花生壳/板栗壳,差（优/良也可）,5.14379781921825,8,8,8,5
中药残余废弃物,轻度,明确可追溯,良,,,0,1,中,低,能源化利用,花生壳/板栗壳,差（优/良也可）,4.900713092597856,8,8,8,5
果渣（柑橘/葡萄/猕猴桃等）,无,来源不明,良,,是,1,1,高,中高,食品支线,葡萄皮/柑橘皮/脐橙副产物/猕猴桃副产物,优/良,8.626674269584605,5,5,5,8
中药残余废弃物,无,基本可追溯,优,,,0,1,高,低,材料主线,茶渣,优/良/差,7.021021238975306,5,5,8,8
中药残余废弃物,无,基本可追溯,良,,,0,0,中,低,无害化兜底,柑橘皮/葡萄皮/葡萄籽/猕猴桃副产物/脐橙副产物/水晶梨副产物/混合果渣,差,1.9682558459950288,8,8,8,5
花生壳/板栗壳,无,明确可追溯,差,,,0,1,中高,低,材料主线,柑橘皮/葡萄皮/猕猴桃副产物/脐橙副产物/水晶梨副产物/提取后残渣,优/良/差,5.9000604292853005,5,5,8,5
中药残余废弃物,无,明确可追溯,优,,,0,1,中,低,能源化利用,花生壳/板栗壳,差（优/良也可）,5.46568833131955,8,8,8,5
果渣（柑橘/葡萄/猕猴桃等）,严重,明确可追溯,良,,是,0,0,中,低,无害化兜底,茶渣,差,1.878834697881389,8,8,8,5
中药残余废弃物,无,来源不明,差,,,0,0,高,中,材料主线,花生壳/板栗壳,优/良,3.304415077595691,5,5,5,8
豆制品/粮食发酵副产物,无,基本可追溯,差,,,0,1,中高,低,材料主线,柑橘皮/葡萄皮/猕猴桃副产物/脐橙副产物/水晶梨副产物/提取后残渣,优/良/差,6.3358044090014305,5,5,8,5
茶渣,严重,基本可追溯,差,否,,1,1,中,低,无害化兜底,茶渣,差,8.711964540808271,8,8,8,5
花生壳/板栗壳,无,基本可追溯,差,,,0,0,高,中高,食品支线,葡萄籽,优/良,1.9598489928091258,5,5,5,8
中药残余废弃物,严重,明确可追溯,差,,,0,1,高,低,前处理稳定化,豆腐渣/客家黄酒酒糟,优/良/差,7.324210515682488,5,5,8,8
中药残余废弃物,无,基本可追溯,差,,,0,1,高,中,材料主线,豆腐渣/客家黄酒酒糟,良/差（优也可）,6.434124969516594,5,5,5,8
中药残余废弃物,无,明确可追溯,差,,,0,1,中,低,无害化兜底,茶渣,差,5.125574874535961,8,8,8,5
豆制品/粮食发酵副产物,严重,基本可追溯,差,,,0,1,中高,低,材料主线,柑橘皮/葡萄皮/猕猴桃副产物/脐橙副产物/水晶梨副产物/提取后残渣,优/良/差,6.153536569235691,5,5,8,5
茶渣,轻度,明确可追溯,良,否,,0,1,高,低,前处理稳定化,豆腐渣/客家黄酒酒糟,优/良/差,7.402808919237186,5,5,8,8
果渣（柑橘/葡萄/猕猴桃等）,无,基本可追溯,良,,否,0,1,高,中,材料主线,豆腐渣/客家黄酒酒糟,良/差（优也可）,5.681945670129059,5,5,5,8
果渣（柑橘/葡萄/猕猴桃等）,严重,基本可追溯,良,,是,0,1,高,中高,食品支线,葡萄籽,优/良,0.2875602510280174,5,5,5,8
果渣（柑橘/葡萄/猕猴桃等）,严重,明确可追溯,差,,否,0,1,高,低,前处理稳定化,豆腐渣/客家黄酒酒糟,优/良/差,7.160881605956027,5,5,8,8
果渣（柑橘/葡萄/猕猴桃等）,无,基本可追溯,差,,是,0,0,中,高,食品支线,茶渣,优,0.0,5,5,2,5
花生壳/板栗壳,无,基本可追溯,优,,,0,1,高,低到中,材料主线,五指毛桃残余/布惊根残余/黄板树根残余/其他根茎木质型中药残余,优/良/差,5.497980033096963,5,5,5,8
中药残余废弃物,无,明确可追溯,优,,,0,1,中高,低,农用材料路线,花生壳/板栗壳,良/差（优也可）,6.158492372927464,5,5,8,5
花生壳/板栗壳,轻度,基本可追溯,差,,,0,0,中高,中高,食品支线,豆腐渣为主/客家黄酒酒糟为辅,优/良,1.1313402987395835,5,5,5,5
茶渣,轻度,来源不明,良,否,,0,1,中高,低,农用材料路线,花生壳/板栗壳,良/差（优也可）,5.826176426908975,5,5,8,5
花生壳/板栗壳,严重,基本可追溯,良,,,1,1,中高,低,农用材料路线,花生壳/板栗壳,良/差（优也可）,10.190649568574106,5,5,8,5
果渣（柑橘/葡萄/猕猴桃等）,无,基本可追溯,良,,否,0,1,中高,低,农用利用/兜底去向,豆腐渣/客家黄酒酒糟,差（优/良也可）,5.879417706327748,8,8,8,5
果渣（柑橘/葡萄/猕猴桃等）,无,明确可追溯,优,,是,1,0,中,低,无害化兜底,柑橘皮/葡萄皮/葡萄籽/猕猴桃副产物/脐橙副产物/水晶梨副产物/混合果渣,差,6.273630207841801,8,8,8,5
茶渣,轻度,明确可追溯,良,否,,0,1,高,低,前处理稳定化,豆腐渣/客家黄酒酒糟,优/良/差,7.102164780789454,5,5,8,8
花生壳/板栗壳,轻度,来源不明,差,,,0,1,高,低,材料主线,茶渣,优/良/差,7.055706350648343,5,5,8,8
花生壳/板栗壳,严重,来源不明,差,,,0,0,高,中高,食品支线,葡萄皮/柑橘皮/脐橙副产物/猕猴桃副产物,优/良,0.16584713358473613,5,5,5,8
花生壳/板栗壳,轻度,基本可追溯,良,,,0,0,中,高,食品支线,茶渣,优,0.4650371864678977,5,5,2,5
中药残余废弃物,无,基本可追溯,优,,,0,1,中高,低,农用利用/兜底去向,豆腐渣/客家黄酒酒糟,差（优/良也可）,6.200908005997951,8,8,8,5
果渣（柑橘/葡萄/猕猴桃等）,轻度,基本可追溯,优,,是,0,1,高,低,材料主线,花生壳/板栗壳,优/良/差,7.051871848916956,5,5,8,8
豆制品/粮食发酵副产物,无,来源不明,良,,,0,1,高,低到中,材料主线,五指毛桃残余/布惊根残余/黄板树根残余/其他根茎木质型中药残余,优/良/差,4.7184766173065595,5,5,5,8
中药残余废弃物,轻度,基本可追溯,差,,,0,1,中,低,能源化利用,花生壳/板栗壳,差（优/良也可）,4.651721947278227,8,8,8,5
中药残余废弃物,轻度,明确可追溯,优,,,0,1,中,低,能源化利用,花生壳/板栗壳,差（优/良也可）,5.428373417378282,8,8,8,5
果渣（柑橘/葡萄/猕猴桃等）,无,来源不明,良,,否,0,1,高,低,前处理稳定化,豆腐渣/客家黄酒酒糟,优/良/差,6.667674012249996,5,5,8,8
花生壳/板栗壳,严重,明确可追溯,优,,,0,1,中高,低,材料主线,柑橘皮/葡萄皮/猕猴桃副产物/脐橙副产物/水晶梨副产物/提取后残渣,优/良/差,6.352207152016186,5,5,8,5
花生壳/板栗壳,严重,明确可追溯,优,,,0,1,中高,中高,食品支线,豆腐渣为主/客家黄酒酒糟为辅,优/良,0.059203929461475235,5,5,5,5
果渣（柑橘/葡萄/猕猴桃等）,严重,明确可追溯,良,,是,1,1,高,中,食品支线,柑橘皮/脐橙副产物/猕猴桃副产物/水晶梨副产物,优/良,0.0,5,5,5,8
中药残余废弃物,轻度,基本可追溯,差,,,0,0,高,中,材料主线,花生壳/板栗壳,优/良,2.9489501309154473,5,5,5,8
花生壳/板栗壳,轻度,来源不明,优,,,0,1,中高,低,农用利用/兜底去向,豆腐渣/客家黄酒酒糟,差（优/良也可）,6.3051164317210295,8,8,8,5
果渣（柑橘/葡萄/猕猴桃等）,严重,明确可追溯,良,,否,0,1,中高,低,农用材料路线,花生壳/板栗壳,良/差（优也可）,5.851347706276358,5,5,8,5
豆制品/粮食发酵副产物,无,来源不明,良,,,0,1,高,中,材料主线,花生壳/板栗壳,优/良,5.919388235492955,5,5,5,8
中药残余废弃物,无,基本可追溯,差,,,1,0,中,中高,农用资源化,五指毛桃残余/布惊根残余/黄板树根残余/其他来源明确且安全性较可控的中药残余,优/良,3.838529832788557,5,5,5,5
茶渣,轻度,明确可追溯,差,是,,0,1,中高,低,材料主线,柑橘皮/葡萄皮/猕猴桃副产物/脐橙副产物/水晶梨副产物/提取后残渣,优/良/差,5.51768860702079,5,5,8,5
果渣（柑橘/葡萄/猕猴桃等）,轻度,来源不明,良,,是,0,1,中高,低,农用利用/兜底去向,豆腐渣/客家黄酒酒糟,差（优/良也可）,6.382508612019068,8,8,8,5
茶渣,严重,明确可追溯,良,是,,0,1,中,中高,农用资源化,五指毛桃残余/布惊根残余/黄板树根残余/其他来源明确且安全性较可控的中药残余,优/良,2.756823481015624,5,5,5,5
果渣（柑橘/葡萄/猕猴桃等）,轻度,明确可追溯,差,,否,0,1,高,低到中,材料主线,五指毛桃残余/布惊根残余/黄板树根残余/其他根茎木质型中药残余,优/良/差,5.217283597756691,5,5,5,8
茶渣,严重,来源不明,优,否,,1,1,高,中,材料主线,茶渣,优/良,10.094739492938285,5,5,5,8
豆制品/粮食发酵副产物,轻度,基本可追溯,良,,,0,1,高,低,材料主线,花生壳/板栗壳,优/良/差,7.478497031260202,5,5,8,8
果渣（柑橘/葡萄/猕猴桃等）,严重,来源不明,差,,是,0,1,高,低到中,材料主线,五指毛桃残余/布惊根残余/黄板树根残余/其他根茎木质型中药残余,优/良/差,4.736186108850004,5,5,5,8
花生壳/板栗壳,无,明确可追溯,良,,,0,1,高,低到中,材料主线,五指毛桃残余/布惊根残余/黄板树根残余/其他根茎木质型中药残余,优/良/差,5.273190566133289,5,5,5,8
中药残余废弃物,轻度,来源不明,优,,,0,1,中高,中高,食品支线,豆腐渣为主/客家黄酒酒糟为辅,优/良,3.90695211794877,5,5,5,5
豆制品/粮食发酵副产物,轻度,基本可追溯,优,,,1,1,高,中,材料主线,豆腐渣/客家黄酒酒糟,良/差（优也可）,9.898129789004672,5,5,5,8
豆制品/粮食发酵副产物,严重,基本可追溯,优,,,0,1,高,中,材料主线,茶渣,优/良,5.51803069141248,5,5,5,8
果渣（柑橘/葡萄/猕猴桃等）,严重,明确可追溯,优,,是,0,1,中,低,能源化利用,花生壳/板栗壳,差（优/良也可）,4.591226651473578,8,8,8,5
豆制品/粮食发酵副产物,无,明确可追溯,差,,,0,1,高,低,材料主线,茶渣,优/良/差,6.747354860534176,5,5,8,8
果渣（柑橘/葡萄/猕猴桃等）,无,明确可追溯,差,,是,0,1,中高,低,农用利用/兜底去向,豆腐渣/客家黄酒酒糟,差（优/良也可）,6.363056814515021,8,8,8,5
果渣（柑橘/葡萄/猕猴桃等）,严重,来源不明,差,,否,0,0,高,中,材料主线,花生壳/板栗壳,优/良,3.0896192550176287,5,5,5,8
豆制品/粮食发酵副产物,轻度,基本可追溯,优,,,0,0,中,低,无害化兜底,柑橘皮/葡萄皮/葡萄籽/猕猴桃副产物/脐橙副产物/水晶梨副产物/混合果渣,差,1.556660976268795,8,8,8,5
果渣（柑橘/葡萄/猕猴桃等）,严重,明确可追溯,差,,否,1,0,高,中,食品支线,柑橘皮/脐橙副产物/猕猴桃副产物/水晶梨副产物,优/良,0.20096026059175376,5,5,5,8
花生壳/板栗壳,严重,明确可追溯,优,,,1,1,中,低,能源化利用,花生壳/板栗壳,差（优/良也可）,9.142269708256292,8,8,8,5
中药残余废弃物,严重,基本可追溯,差,,,0,0,中高,中高,食品支线,豆腐渣为主/客家黄酒酒糟为辅,优/良,0.0,5,5,5,5
花生壳/板栗壳,轻度,明确可追溯,良,,,0,1,高,中,材料主线,豆腐渣/客家黄酒酒糟,良/差（优也可）,5.708644979539903,5,5,5,8
豆制品/粮食发酵副产物,严重,基本可追溯,优,,,1,1,中高,低,农用利用/兜底去向,豆腐渣/客家黄酒酒糟,差（优/良也可）,10.109813590735136,8,8,8,5
豆制品/粮食发酵副产物,严重,来源不明,良,,,0,1,高,低,材料主线,花生壳/板栗壳,优/良/差,7.076606437010589,5,5,8,8
豆制品/粮食发酵副产物,无,明确可追溯,良,,,0,1,高,低,材料主线,茶渣,优/良/差,6.906367557689902,5,5,8,8
花生壳/板栗壳,严重,明确可追溯,差,,,0,1,高,低,材料主线,茶渣,优/良/差,6.673133736029241,5,5,8,8
茶渣,轻度,基本可追溯,良,否,,0,1,中高,中高,食品支线,豆腐渣为主/客家黄酒酒糟为辅,优/良,3.8344411078838903,5,5,5,5
茶渣,严重,基本可追溯,优,是,,0,1,中高,低,材料主线,柑橘皮/葡萄皮/猕猴桃副产物/脐橙副产物/水晶梨副产物/提取后残渣,优/良/差,6.217685702955679,5,5,8,5
花生壳/板栗壳,无,明确可追溯,差,,,0,0,中高,中高,食品支线,豆腐渣为主/客家黄酒酒糟为辅,优/良,1.479458638828731,5,5,5,5
花生壳/板栗壳,轻度,明确可追溯,差,,,0,0,高,中,食品支线,柑橘皮/脐橙副产物/猕猴桃副产物/水晶梨副产物,优/良,2.739484696259348,5,5,5,8
豆制品/粮食发酵副产物,严重,基本可追溯,良,,,0,1,高,中高,食品支线,葡萄籽,优/良,0.1226206074605316,5,5,5,8
豆制品/粮食发酵副产物,轻度,来源不明,良,,,0,0,中,低,无害化兜底,茶渣,差,1.5916048473889135,8,8,8,5
花生壳/板栗壳,严重,基本可追溯,差,,,0,1,高,低,前处理稳定化,豆腐渣/客家黄酒酒糟,优/良/差,6.723260242825945,5,5,8,8
中药残余废弃物,无,基本可追溯,差,,,0,0,高,中高,食品支线,葡萄皮/柑橘皮/脐橙副产物/猕猴桃副产物,优/良,2.233708120976368,5,5,5,8
茶渣,严重,明确可追溯,差,是,,0,1,中高,低,农用材料路线,花生壳/板栗壳,良/差（优也可）,5.9733170029394635,5,5,8,5
豆制品/粮食发酵副产物,轻度,来源不明,优,,,1,1,中高,中高,食品支线,豆腐渣为主/客家黄酒酒糟为辅,优/良,7.8815603668815,5,5,5,5
豆制品/粮食发酵副产物,无,基本可追溯,差,,,0,1,中,低,无害化兜底,茶渣,差,4.801642267636465,8,8,8,5
豆制品/粮食发酵副产物,轻度,明确可追溯,良,,,0,1,高,中,材料主线,茶渣,优/良,5.527196879731385,5,5,5,8
花生壳/板栗壳,严重,明确可追溯,良,,,0,1,中,中高,农用资源化,五指毛桃残余/布惊根残余/黄板树根残余/其他来源明确且安全性较可控的中药残余,优/良,3.3874834531634415,5,5,5,5
中药残余废弃物,严重,基本可追溯,差,,,0,1,高,中,材料主线,豆腐渣/客家黄酒酒糟,良/差（优也可）,6.414780857832313,5,5,5,8
茶渣,轻度,来源不明,优,否,,0,1,中高,低,农用利用/兜底去向,豆腐渣/客家黄酒酒糟,差（优/良也可）,6.308504096947806,8,8,8,5
果渣（柑橘/葡萄/猕猴桃等）,无,明确可追溯,良,,否,1,1,中高,低,材料主线,柑橘皮/葡萄皮/猕猴桃副产物/脐橙副产物/水晶梨副产物/提取后残渣,优/良/差,10.20593801966454,5,5,8,5
中药残余废弃物,轻度,来源不明,差,,,1,1,高,低到中,材料主线,五指毛桃残余/布惊根残余/黄板树根残余/其他根茎木质型中药残余,优/良/差,8.870135111569509,5,5,5,8
花生壳/板栗壳,严重,基本可追溯,良,,,0,1,高,低,材料主线,茶渣,优/良/差,6.539165498006911,5,5,8,8
茶渣,无,明确可追溯,差,否,,0,1,高,中,材料主线,豆腐渣/客家黄酒酒糟,良/差（优也可）,5.60556089321782,5,5,5,8
中药残余废弃物,无,明确可追溯,差,,,0,1,中,低,能源化利用,花生壳/板栗壳,差（优/良也可）,5.007071043962216,8,8,8,5
果渣（柑橘/葡萄/猕猴桃等）,严重,来源不明,差,,是,0,0,中,高,食品支线,茶渣,优,0.0,5,5,2,5
果渣（柑橘/葡萄/猕猴桃等）,轻度,来源不明,差,,是,0,1,中,低,无害化兜底,茶渣,差,4.978328215277918,8,8,8,5
茶渣,严重,明确可追溯,优,是,,1,1,高,低,材料主线,茶渣,优/良/差,11.00831432296664,5,5,8,8
豆制品/粮食发酵副产物,无,基本可追溯,优,,,0,1,高,中,材料主线,茶渣,优/良,5.634245581134593,5,5,5,8
中药残余废弃物,无,基本可追溯,差,,,0,1,中高,低,农用利用/兜底去向,豆腐渣/客家黄酒酒糟,差（优/良也可）,6.252623251045097,8,8,8,5
茶渣,轻度,来源不明,良,否,,0,1,高,中,材料主线,花生壳/板栗壳,优/良,6.2402873674893975,5,5,5,8
茶渣,严重,明确可追溯,差,否,,1,0,中,高,食品支线,茶渣,优,0.0,5,5,2,5
果渣（柑橘/葡萄/猕猴桃等）,无,基本可追溯,差,,否,0,0,中,中高,农用资源化,五指毛桃残余/布惊根残余/黄板树根残余/其他来源明确且安全性较可控的中药残余,优/良,0.24225801485956,5,5,5,5
茶渣,严重,明确可追溯,优,否,,0,1,中高,低,农用材料路线,花生壳/板栗壳,良/差（优也可）,5.654698349153468,5,5,8,5
中药残余废弃物,严重,来源不明,差,,,0,0,高,中高,食品支线,葡萄皮/柑橘皮/脐橙副产物/猕猴桃副产物,优/良,0.23576014844105675,5,5,5,8
豆制品/粮食发酵副产物,轻度,基本可追溯,差,,,1,1,高,低,前处理稳定化,豆腐渣/客家黄酒酒糟,优/良/差,10.55803547548843,5,5,8,8
果渣（柑橘/葡萄/猕猴桃等）,严重,明确可追溯,良,,否,0,1,高,低到中,材料主线,五指毛桃残余/布惊根残余/黄板树根残余/其他根茎木质型中药残余,优/良/差,4.554545802357079,5,5,5,8
中药残余废弃物,严重,明确可追溯,优,,,0,1,高,中高,食品支线,葡萄皮/柑橘皮/脐橙副产物/猕猴桃副产物,优/良,0.29554329199257534,5,5,5,8
果渣（柑橘/葡萄/猕猴桃等）,无,来源不明,良,,是,1,1,中高,低,材料主线,柑橘皮/葡萄皮/猕猴桃副产物/脐橙副产物/水晶梨副产物/提取后残渣,优/良/差,9.547504074534762,5,5,8,5
果渣（柑橘/葡萄/猕猴桃等）,无,明确可追溯,优,,是,1,0,中,低,无害化兜底,柑橘皮/葡萄皮/葡萄籽/猕猴桃副产物/脐橙副产物/水晶梨副产物/混合果渣,差,5.763907449005604,8,8,8,5
花生壳/板栗壳,轻度,明确可追溯,良,,,0,1,中高,中高,食品支线,豆腐渣为主/客家黄酒酒糟为辅,优/良,4.104387870984643,5,5,5,5
茶渣,无,基本可追溯,差,否,,0,1,中高,低,农用材料路线,花生壳/板栗壳,良/差（优也可）,6.4305265193656105,5,5,8,5
茶渣,严重,基本可追溯,差,是,,0,1,高,低到中,材料主线,五指毛桃残余/布惊根残余/黄板树根残余/其他根茎木质型中药残余,优/良/差,4.912220204270438,5,5,5,8
花生壳/板栗壳,无,明确可追溯,差,,,0,0,中高,中高,食品支线,豆腐渣为主/客家黄酒酒糟为辅,优/良,0.8084134442167435,5,5,5,5
花生壳/板栗壳,无,来源不明,良,,,0,0,中,高,食品支线,茶渣,优,0.4711862816672979,5,5,2,5
茶渣,无,来源不明,良,否,,0,1,中,低,能源化利用,花生壳/板栗壳,差（优/良也可）,4.960621081720526,8,8,8,5
果渣（柑橘/葡萄/猕猴桃等）,无,来源不明,优,,是,0,1,中高,中高,食品支线,豆腐渣为主/客家黄酒酒糟为辅,优/良,3.693153499554311,5,5,5,5
花生壳/板栗壳,轻度,基本可追溯,良,,,0,1,高,低,材料主线,茶渣,优/良/差,6.601943095133401,5,5,8,8
中药残余废弃物,轻度,基本可追溯,差,,,0,1,高,低,材料主线,花生壳/板栗壳,优/良/差,6.938152309190115,5,5,8,8
豆制品/粮食发酵副产物,轻度,来源不明,差,,,1,1,中高,低,农用利用/兜底去向,豆腐渣/客家黄酒酒糟,差（优/良也可）,9.70889116304954,8,8,8,5
果渣（柑橘/葡萄/猕猴桃等）,严重,基本可追溯,优,,否,1,1,高,中,食品支线,柑橘皮/脐橙副产物/猕猴桃副产物/水晶梨副产物,优/良,0.48391919644577497,5,5,5,8
豆制品/粮食发酵副产物,无,基本可追溯,优,,,1,1,高,低,前处理稳定化,豆腐渣/客家黄酒酒糟,优/良/差,10.901921020559081,5,5,8,8
中药残余废弃物,严重,来源不明,优,,,0,1,高,低,材料主线,花生壳/板栗壳,优/良/差,6.63448708509136,5,5,8,8
中药残余废弃物,严重,明确可追溯,良,,,0,1,高,中,材料主线,茶渣,优/良,5.647585547264396,5,5,5,8
中药残余废弃物,无,基本可追溯,优,,,0,1,中高,低,农用利用/兜底去向,豆腐渣/客家黄酒酒糟,差（优/良也可）,5.684420558824106,8,8,8,5
果渣（柑橘/葡萄/猕猴桃等）,轻度,明确可追溯,差,,是,0,0,高,中高,食品支线,葡萄籽,优/良,2.3659438374622095,5,5,5,8
中药残余废弃物,无,明确可追溯,优,,,0,1,中高,低,农用利用/兜底去向,豆腐渣/客家黄酒酒糟,差（优/良也可）,5.717234485845264,8,8,8,5
中药残余废弃物,无,来源不明,良,,,0,1,高,中,食品支线,柑橘皮/脐橙副产物/猕猴桃副产物/水晶梨副产物,优/良,6.3634616942452675,5,5,5,8
豆制品/粮食发酵副产物,无,明确可追溯,优,,,1,1,中高,低,农用利用/兜底去向,豆腐渣/客家黄酒酒糟,差（优/良也可）,10.235522998327575,8,8,8,5
花生壳/板栗壳,无,明确可追溯,差,,,0,0,高,中高,食品支线,葡萄皮/柑橘皮/脐橙副产物/猕猴桃副产物,优/良,2.2302115194801124,5,5,5,8
果渣（柑橘/葡萄/猕猴桃等）,严重,基本可追溯,优,,否,0,1,高,低,材料主线,花生壳/板栗壳,优/良/差,6.767719548371946,5,5,8,8
豆制品/粮食发酵副产物,无,明确可追溯,差,,,1,1,高,中,材料主线,豆腐渣/客家黄酒酒糟,良/差（优也可）,10.498211067046087,5,5,5,8
果渣（柑橘/葡萄/猕猴桃等）,严重,基本可追溯,优,,否,0,1,中高,低,农用材料路线,花生壳/板栗壳,良/差（优也可）,5.850656845866771,5,5,8,5
果渣（柑橘/葡萄/猕猴桃等）,严重,基本可追溯,良,,否,0,1,中,低,能源化利用,花生壳/板栗壳,差（优/良也可）,4.823369374770985,8,8,8,5
豆制品/粮食发酵副产物,无,明确可追溯,差,,,0,1,中,低,无害化兜底,柑橘皮/葡萄皮/葡萄籽/猕猴桃副产物/脐橙副产物/水晶梨副产物/混合果渣,差,5.202310228778654,8,8,8,5
茶渣,无,明确可追溯,良,否,,0,1,高,中高,食品支线,葡萄籽,优/良,4.5934490577223945,5,5,5,8
果渣（柑橘/葡萄/猕猴桃等）,无,明确可追溯,良,,是,1,0,中,低,无害化兜底,柑橘皮/葡萄皮/葡萄籽/猕猴桃副产物/脐橙副产物/水晶梨副产物/混合果渣,差,6.31808276731255,8,8,8,5
茶渣,严重,基本可追溯,差,否,,0,1,中高,低,材料主线,柑橘皮/葡萄皮/猕猴桃副产物/脐橙副产物/水晶梨副产物/提取后残渣,优/良/差,6.3223468400936955,5,5,8,5
中药残余废弃物,无,基本可追溯,良,,,0,0,中,高,食品支线,茶渣,优,0.07178374277535415,5,5,2,5
茶渣,轻度,基本可追溯,良,否,,0,1,高,中,材料主线,豆腐渣/客家黄酒酒糟,良/差（优也可）,6.203166466428943,5,5,5,8
中药残余废弃物,严重,来源不明,良,,,0,1,中高,中高,食品支线,豆腐渣为主/客家黄酒酒糟为辅,优/良,0.206751587905457,5,5,5,5
中药残余废弃物,轻度,来源不明,优,,,0,1,高,中高,食品支线,葡萄皮/柑橘皮/脐橙副产物/猕猴桃副产物,优/良,5.415658752918014,5,5,5,8
中药残余废弃物,无,基本可追溯,差,,,0,0,中高,中高,食品支线,豆腐渣为主/客家黄酒酒糟为辅,优/良,0.7318312028445946,5,5,5,5
中药残余废弃物,轻度,明确可追溯,优,,,0,1,中高,低,材料主线,柑橘皮/葡萄皮/猕猴桃副产物/脐橙副产物/水晶梨副产物/提取后残渣,优/良/差,6.027932750579668,5,5,8,5
花生壳/板栗壳,严重,基本可追溯,良,,,0,1,高,中高,食品支线,葡萄皮/柑橘皮/脐橙副产物/猕猴桃副产物,优/良,0.0,5,5,5,8
果渣（柑橘/葡萄/猕猴桃等）,无,来源不明,优,,是,0,1,高,中,材料主线,茶渣,优/良,5.793876824026595,5,5,5,8
花生壳/板栗壳,轻度,基本可追溯,优,,,0,1,高,中,材料主线,豆腐渣/客家黄酒酒糟,良/差（优也可）,6.276409397905255,5,5,5,8
花生壳/板栗壳,无,基本可追溯,良,,,0,1,中高,中高,食品支线,豆腐渣为主/客家黄酒酒糟为辅,优/良,3.896206642768098,5,5,5,5
果渣（柑橘/葡萄/猕猴桃等）,轻度,明确可追溯,优,,是,1,1,高,中,食品支线,柑橘皮/脐橙副产物/猕猴桃副产物/水晶梨副产物,优/良,10.21729400766056,5,5,5,8
果渣（柑橘/葡萄/猕猴桃等）,轻度,基本可追溯,优,,否,1,1,高,中高,食品支线,葡萄皮/柑橘皮/脐橙副产物/猕猴桃副产物,优/良,9.018216281585586,5,5,5,8
花生壳/板栗壳,轻度,明确可追溯,差,,,0,1,中高,低,材料主线,柑橘皮/葡萄皮/猕猴桃副产物/脐橙副产物/水晶梨副产物/提取后残渣,优/良/差,5.650892898745059,5,5,8,5
豆制品/粮食发酵副产物,严重,明确可追溯,优,,,1,1,高,中,材料主线,豆腐渣/客家黄酒酒糟,良/差（优也可）,10.22153408971776,5,5,5,8
豆制品/粮食发酵副产物,轻度,来源不明,良,,,0,0,中,低,无害化兜底,茶渣,差,2.3484270605794917,8,8,8,5
花生壳/板栗壳,无,明确可追溯,良,,,1,1,高,低,材料主线,花生壳/板栗壳,优/良/差,10.830670693926201,5,5,8,8
豆制品/粮食发酵副产物,严重,明确可追溯,优,,,0,1,中高,低,材料主线,柑橘皮/葡萄皮/猕猴桃副产物/脐橙副产物/水晶梨副产物/提取后残渣,优/良/差,6.16807918171619,5,5,8,5
果渣（柑橘/葡萄/猕猴桃等）,轻度,来源不明,良,,是,1,0,中,低,无害化兜底,柑橘皮/葡萄皮/葡萄籽/猕猴桃副产物/脐橙副产物/水晶梨副产物/混合果渣,差,6.412062231272947,8,8,8,5
中药残余废弃物,轻度,来源不明,良,,,0,0,中,高,食品支线,茶渣,优,0.0,5,5,2,5
豆制品/粮食发酵副产物,无,来源不明,优,,,0,1,高,中高,食品支线,葡萄皮/柑橘皮/脐橙副产物/猕猴桃副产物,优/良,4.901699900774461,5,5,5,8
果渣（柑橘/葡萄/猕猴桃等）,无,来源不明,良,,否,1,1,中高,低,材料主线,柑橘皮/葡萄皮/猕猴桃副产物/脐橙副产物/水晶梨副产物/提取后残渣,优/良/差,10.153291263313568,5,5,8,5
中药残余废弃物,严重,基本可追溯,优,,,0,1,中高,中高,食品支线,豆腐渣为主/客家黄酒酒糟为辅,优/良,0.16408285667752887,5,5,5,5
果渣（柑橘/葡萄/猕猴桃等）,轻度,明确可追溯,差,,否,1,1,中,低,无害化兜底,柑橘皮/葡萄皮/葡萄籽/猕猴桃副产物/脐橙副产物/水晶梨副产物/混合果渣,差,9.043635128533497,8,8,8,5
豆制品/粮食发酵副产物,无,明确可追溯,差,,,1,1,高,中,材料主线,豆腐渣/客家黄酒酒糟,良/差（优也可）,9.86386149606663,5,5,5,8
茶渣,无,基本可追溯,差,否,,0,0,高,中,食品支线,柑橘皮/脐橙副产物/猕猴桃副产物/水晶梨副产物,优/良,3.241193143992124,5,5,5,8
豆制品/粮食发酵副产物,无,来源不明,优,,,0,1,高,中高,食品支线,葡萄籽,优/良,5.037819546005733,5,5,5,8
茶渣,无,来源不明,良,否,,0,1,中高,中高,食品支线,豆腐渣为主/客家黄酒酒糟为辅,优/良,4.44757247352742,5,5,5,5
豆制品/粮食发酵副产物,轻度,基本可追溯,良,,,0,1,高,低到中,材料主线,五指毛桃残余/布惊根残余/黄板树根残余/其他根茎木质型中药残余,优/良/差,4.565343136663768,5,5,5,8
豆制品/粮食发酵副产物,无,明确可追溯,优,,,1,1,中高,中高,食品支线,豆腐渣为主/客家黄酒酒糟为辅,优/良,8.400449710745699,5,5,5,5
豆制品/粮食发酵副产物,无,明确可追溯,良,,,0,1,中高,低,农用材料路线,花生壳/板栗壳,良/差（优也可）,5.6327033338594985,5,5,8,5
豆制品/粮食发酵副产物,无,来源不明,优,,,0,1,中,中高,农用资源化,五指毛桃残余/布惊根残余/黄板树根残余/其他来源明确且安全性较可控的中药残余,优/良,2.9424681195817706,5,5,5,5
茶渣,严重,基本可追溯,良,否,,1,1,高,低,材料主线,茶渣,优/良/差,11.172225086839594,5,5,8,8
花生壳/板栗壳,无,明确可追溯,优,,,0,0,中,低,无害化兜底,茶渣,差,2.3381584832440465,8,8,8,5
果渣（柑橘/葡萄/猕猴桃等）,无,明确可追溯,良,,是,1,0,中,低,无害化兜底,柑橘皮/葡萄皮/葡萄籽/猕猴桃副产物/脐橙副产物/水晶梨副产物/混合果渣,差,5.783314128434613,8,8,8,5
茶渣,严重,明确可追溯,优,否,,0,1,高,中高,食品支线,葡萄皮/柑橘皮/脐橙副产物/猕猴桃副产物,优/良,0.019104455379264862,5,5,5,8
豆制品/粮食发酵副产物,无,基本可追溯,优,,,0,1,中,低,能源化利用,花生壳/板栗壳,差（优/良也可）,4.69807183008243,8,8,8,5
花生壳/板栗壳,无,来源不明,差,,,1,1,中,低,能源化利用,花生壳/板栗壳,差（优/良也可）,9.488676269856887,8,8,8,5
茶渣,无,明确可追溯,良,否,,0,1,高,低,前处理稳定化,豆腐渣/客家黄酒酒糟,优/良/差,6.547844145597666,5,5,8,8
果渣（柑橘/葡萄/猕猴桃等）,轻度,明确可追溯,优,,是,0,1,中高,低,农用利用/兜底去向,豆腐渣/客家黄酒酒糟,差（优/良也可）,6.1960443694763265,8,8,8,5
中药残余废弃物,严重,来源不明,差,,,0,1,中,低,能源化利用,花生壳/板栗壳,差（优/良也可）,5.1806789414005205,8,8,8,5
花生壳/板栗壳,严重,明确可追溯,优,,,0,1,高,低到中,材料主线,五指毛桃残余/布惊根残余/黄板树根残余/其他根茎木质型中药残余,优/良/差,4.755108955490676,5,5,5,8
中药残余废弃物,严重,来源不明,优,,,1,1,中,中高,农用资源化,五指毛桃残余/布惊根残余/黄板树根残余/其他来源明确且安全性较可控的中药残余,优/良,7.4257784226362,5,5,5,5
茶渣,严重,来源不明,良,否,,0,1,高,中,食品支线,柑橘皮/脐橙副产物/猕猴桃副产物/水晶梨副产物,优/良,0.0,5,5,5,8
豆制品/粮食发酵副产物,轻度,明确可追溯,差,,,0,0,高,中高,食品支线,葡萄皮/柑橘皮/脐橙副产物/猕猴桃副产物,优/良,1.9603186346098016,5,5,5,8
果渣（柑橘/葡萄/猕猴桃等）,轻度,来源不明,优,,否,0,1,中,中高,农用资源化,五指毛桃残余/布惊根残余/黄板树根残余/其他来源明确且安全性较可控的中药残余,优/良,3.3652901627102056,5,5,5,5
果渣（柑橘/葡萄/猕猴桃等）,无,来源不明,差,,否,0,0,中,高,食品支线,茶渣,优,0.0,5,5,2,5
豆制品/粮食发酵副产物,轻度,基本可追溯,差,,,1,1,高,低,前处理稳定化,豆腐渣/客家黄酒酒糟,优/良/差,10.830007815994533,5,5,8,8
